{
  "name": "t:sections.headers.name",
  "type": "header",
  "sections": {
    "header": {
      "type": "header",
      "settings": {
        "width": "wide",
        "sticky_type": "down",
        "transparent": false,
        "enable_topbar": true,
        "topbar_phone": "(+84) 1800 68 68",
        "topbar_email": "hello@domain.com",
        "topbar_icon_1": "",
        "topbar_link_1": "shopify://collections/all",
        "topbar_icon_2": "",
        "topbar_link_2": "shopify://collections/all",
        "topbar_icon_3": "",
        "topbar_link_3": "shopify://collections/all",
        "topbar_icon_4": "",
        "topbar_link_4": "shopify://collections/all",
        "currency_selector": true,
        "language_selector": true,
        "topbar_color_scheme": "",
        "topbar_background_color": "#ffffff",
        "topbar_background_gradient": "",
        "logo_desktop": "shopify://shop_images/logo.png",
        "logo_desktop_width": 110,
        "logo_mobile": "shopify://shop_images/logo.png",
        "logo_mobile_width": 100,
        "menu": "header-menu",
        "menu_type": "default",
        "event_type": "hover",
        "hamburger_type": "drawer",
        "hamburger_drawer_color_scheme": "",
        "hamburger_drawer_background_color": "#ffffff",
        "hamburger_drawer_background_gradient": "",
        "submenu_color_scheme": "",
        "submenu_background_color": "#ffffff",
        "submenu_background_gradient": "",
        "color_scheme": "background-1",
        "background_color": "#ffffff",
        "background_gradient": ""
      }
    },
    "search": {
      "type": "search",
      "settings": {
        "logo_img": "shopify://shop_images/logo.png",
        "logo_width": 110,
        "color_scheme": "",
        "background_color": "",
        "background_gradient": "",
        "padding_top": 40,
        "padding_bottom": 40
      }
    },
    "mega-menu-v2": {
      "type": "mega-menu-v2",
      "settings": {
        "width": "box",
        "index": "1",
        "link": "",
        "title_1": "Shop layouts",
        "menu_1": "shop-layout",
        "title_2": "Shop layouts",
        "menu_2": "shop-layout-1",
        "title_3": "Features",
        "menu_3": "features",
        "title_4": "Product styles",
        "menu_4": "product-styles",
        "color_scheme": "",
        "background_color": "#ffffff",
        "background_gradient": "",
        "use_parallax": true,
        "padding_top": 50,
        "padding_bottom": 50
      }
    },
    "mega-menu-v3": {
      "type": "mega-menu-v3",
      "settings": {
        "width": "box",
        "index": "2",
        "title_1": "Product Layouts",
        "menu_1": "product-layout",
        "title_2": "Product Features",
        "menu_2": "product-features",
        "title_3": "Product Details",
        "menu_3": "product-details",
        "title_4": "Thumbnails Position",
        "menu_4": "thumbnails-position",
        "title_5": "Boost Sale",
        "menu_5": "boot-sale",
        "title_6": "Product Types",
        "menu_6": "product-types",
        "color_scheme": "",
        "background_color": "#ffffff",
        "background_gradient": "",
        "use_parallax": true,
        "padding_top": 50,
        "padding_bottom": 50
      }
    },
    "mega-menu-v4": {
      "type": "mega-menu-v4",
      "settings": {
        "index": "3",
        "title_1": "Blog layout",
        "menu_1": "blog-layout",
        "title_2": "Post layout",
        "menu_2": "post-layout",
        "title_3": "Blog style",
        "menu_3": "blog-style",
        "title_4": "Post format",
        "menu_4": "post-format",
        "title_5": "Blog post",
        "blog": "blog-grid",
        "limit": 3,
        "article_card_show_image": true,
        "article_card_show_date": true,
        "article_card_show_excerpt": false,
        "article_card_color_scheme": "",
        "color_scheme": "",
        "background_color": "#ffffff",
        "background_gradient": "",
        "background_image_desktop": "shopify://shop_images/background-menu4.jpg",
        "background_image_mobile": "shopify://shop_images/background-menu4.jpg",
        "use_parallax": false,
        "padding_top": 50,
        "padding_bottom": 50
      }
    }
  },
  "order": [
    "header",
    "search",
    "mega-menu-v2",
    "mega-menu-v3",
    "mega-menu-v4"
  ]
}
