{
  "sections": {
    "breadcrumb-v2": {
      "type": "breadcrumb-v2",
      "settings": {
        "color_scheme": "inverse",
        "background_image_desktop": "shopify://shop_images/Group_39.jpg",
        "background_image_mobile": "shopify://shop_images/Group_39.jpg",
        "background_color": "#f3f3f3",
        "padding_top": 110,
        "padding_bottom": 110
      }
    },
    "main-blog": {
      "type": "main-blog",
      "settings": {
        "blog_style": "list",
        "category": "categories",
        "post": "blog-grid",
        "article_card_show_excerpt": true
      }
    }
  },
  "order": [
    "breadcrumb-v2",
    "main-blog"
  ]
}
