{
  "sections": {
    "slideshow-v1": {
      "type": "slideshow-v1",
      "blocks": {
        "42cc8643-2157-4193-8e3f-b012b29d8d10": {
          "type": "slideshow",
          "settings": {
            "title": "Love Your <br> Skin Naturally",
            "title_font_size": 8,
            "title_font_weight": 500,
            "title_animation": "fade-up",
            "description": "DISCOVER OUR AUTUMN SKINCARE",
            "description_font_size": 1.8,
            "description_font_weight": 400,
            "description_animation": "fade-up",
            "button_text": "ALL PRODUCTS",
            "button_link": "shopify://collections/all",
            "button_mode": "accent",
            "button_style": "secondary",
            "button_size": "sm",
            "button_radius": 0.8,
            "button_padding": 1.4,
            "button_animation": "fade-up",
            "video": "",
            "background_image_desktop": "shopify://shop_images/slide1.webp",
            "background_image_mobile": "shopify://shop_images/slide1.webp",
            "color_scheme": "",
            "background_color": "",
            "background_gradient": ""
          }
        },
        "498e42ed-fc18-414d-bc09-dff29ffed393": {
          "type": "slideshow",
          "settings": {
            "title": "Be yourself more, <br> do care more",
            "title_font_size": 8,
            "title_font_weight": 500,
            "title_animation": "fade-up",
            "description": "SALE UP TO 20% OFF",
            "description_font_size": 1.8,
            "description_font_weight": 400,
            "description_animation": "fade-up",
            "button_text": "ALL PRODUCTS",
            "button_link": "shopify://collections/all",
            "button_mode": "accent",
            "button_style": "secondary",
            "button_size": "sm",
            "button_radius": 0.8,
            "button_padding": 1.4,
            "button_animation": "fade-up",
            "video": "",
            "background_image_desktop": "shopify://shop_images/slide2.webp",
            "background_image_mobile": "shopify://shop_images/slide2.webp",
            "color_scheme": "",
            "background_color": "",
            "background_gradient": ""
          }
        }
      },
      "block_order": [
        "42cc8643-2157-4193-8e3f-b012b29d8d10",
        "498e42ed-fc18-414d-bc09-dff29ffed393"
      ],
      "settings": {
        "width": "fullwidth",
        "fullwidth_margin": 0,
        "autoplay": false,
        "speed": 5,
        "padding_top": 0,
        "padding_bottom": 15
      }
    },
    "collection-v1": {
      "type": "collection-v1",
      "settings": {
        "width": "box",
        "fullwidth_margin": 0,
        "hover": "scale_up",
        "subtitle": "Discover",
        "title": "Collections",
        "aspect_ratio": "1/1",
        "button_text": "ALL PRODUCTS",
        "button_mode": "dark",
        "button_style": "link",
        "button_size": "sm",
        "button_radius": 0.8,
        "button_padding": 1.4,
        "image1": "shopify://shop_images/a.webp",
        "collection1": "product-style-03",
        "image2": "shopify://shop_images/b.webp",
        "collection2": "product-style-08",
        "image3": "shopify://shop_images/c.webp",
        "collection3": "toggle-sidebar",
        "image4": "shopify://shop_images/d.webp",
        "collection4": "image-banner",
        "color_scheme": "",
        "background_color": "",
        "background_gradient": "",
        "use_parallax": true,
        "background_image_animation": "zoom-out",
        "background_video_url": "",
        "background_margin": 0,
        "padding_top": 50,
        "padding_bottom": 50
      }
    },
    "product-v3": {
      "type": "product-v2",
      "blocks": {
        "56d37fff-faec-48c2-a823-9f82d23d2413": {
          "type": "tab",
          "settings": {
            "tab_title": "TOP RATING",
            "tab_collection": "product-style-03",
            "tab_limit": 12
          }
        },
        "542c09ae-815b-45a4-81fd-1b6a2bbf3c78": {
          "type": "tab",
          "settings": {
            "tab_title": "BEST SELLING",
            "tab_collection": "collection-title-style-05",
            "tab_limit": 12
          }
        },
        "cf661f36-a23b-409f-861a-2488ca0df2b0": {
          "type": "tab",
          "settings": {
            "tab_title": "FEATURED",
            "tab_collection": "toggle-sidebar",
            "tab_limit": 12
          }
        }
      },
      "block_order": [
        "56d37fff-faec-48c2-a823-9f82d23d2413",
        "542c09ae-815b-45a4-81fd-1b6a2bbf3c78",
        "cf661f36-a23b-409f-861a-2488ca0df2b0"
      ],
      "settings": {
        "width": "wide",
        "fullwidth_margin": 0,
        "gap": 30,
        "columns_size": 5,
        "title": "Hits of The Week",
        "description": "Makeup essentials that won’t break you out",
        "distinct_color_scheme": false,
        "product_card_color_scheme": "",
        "button_text": "SHOP ALL PRODUCTS",
        "button_link": "shopify://collections/all",
        "button_mode": "accent",
        "button_style": "secondary",
        "button_size": "sm",
        "button_radius": 0.8,
        "button_padding": 1.4,
        "color_scheme": "",
        "background_color": "",
        "background_gradient": "",
        "use_parallax": true,
        "background_image_animation": "zoom-out",
        "background_video_url": "",
        "background_margin": 0,
        "padding_top": 50,
        "padding_bottom": 50
      }
    },
    "banner-v2": {
      "type": "banner-v2",
      "settings": {
        "width": "fullwidth",
        "fullwidth_margin": 0,
        "hover": "scale_up",
        "gap": 0,
        "title": "",
        "description": "",
        "hotspot_type": "hover",
        "hotspot_open_as": "popup",
        "hotspot_mode": "light",
        "hotspot_style": "simple",
        "image1": "shopify://shop_images/close-up-models-with-face-cream-posing-with-leaves.jpg",
        "link1": "shopify://collections/all",
        "hotspot1_1_top": 20,
        "hotspot1_1_left": 20,
        "hotspot1_1_product": "background-gradient",
        "hotspot1_1_placement": "right-center",
        "hotspot1_2_top": 50,
        "hotspot1_2_left": 80,
        "hotspot1_2_product": "example-product-title",
        "hotspot1_2_placement": "right-center",
        "hotspot1_3_top": 20,
        "hotspot1_3_left": 20,
        "hotspot1_3_product": "",
        "hotspot1_3_placement": "right-center",
        "image2": "shopify://shop_images/headshot-positive-pleased-young-women-apply-beauty-masks-smile-toothily-undergo-skin-care-treatments-stand-closely-express-positive-emotions-want-look-young-beautiful-wellness-concept.jpg",
        "link2": "shopify://collections/all",
        "hotspot2_1_top": 20,
        "hotspot2_1_left": 80,
        "hotspot2_1_product": "grid-mix",
        "hotspot2_1_placement": "right-center",
        "hotspot2_2_top": 58,
        "hotspot2_2_left": 40,
        "hotspot2_2_product": "product-color-swatch",
        "hotspot2_2_placement": "right-center",
        "hotspot2_3_top": 20,
        "hotspot2_3_left": 20,
        "hotspot2_3_product": "",
        "hotspot2_3_placement": "right-center",
        "image3": "shopify://shop_images/smiley-woman-using-serum-close-up_6b899fa8-c1c9-46cf-89e6-ced4a62f6791.jpg",
        "link3": "shopify://collections/all",
        "hotspot3_1_top": 30,
        "hotspot3_1_left": 35,
        "hotspot3_1_product": "default-tab",
        "hotspot3_1_placement": "right-center",
        "hotspot3_2_top": 20,
        "hotspot3_2_left": 20,
        "hotspot3_2_product": "",
        "hotspot3_2_placement": "right-center",
        "hotspot3_3_top": 20,
        "hotspot3_3_left": 20,
        "hotspot3_3_product": "",
        "hotspot3_3_placement": "right-center",
        "color_scheme": "background-1",
        "background_color": "",
        "background_gradient": "",
        "use_parallax": true,
        "background_image_animation": "zoom-out",
        "background_video_url": "",
        "background_margin": 0,
        "padding_top": 50,
        "padding_bottom": 50
      }
    },
    "product-v1": {
      "type": "product-v1",
      "settings": {
        "width": "wide",
        "fullwidth_margin": 0,
        "subtitle": "Don't Miss Today's Featured Deals",
        "title": "Product Features",
        "collection": "grid-6-columns",
        "limit": 15,
        "columns_size": 5,
        "distinct_color_scheme": false,
        "product_card_color_scheme": "",
        "color_scheme": "",
        "background_color": "",
        "background_gradient": "",
        "use_parallax": true,
        "background_image_animation": "zoom-out",
        "background_video_url": "",
        "background_margin": 0,
        "padding_top": 50,
        "padding_bottom": 50
      }
    },
    "banner-v3": {
      "type": "banner-v3",
      "settings": {
        "width": "box",
        "fullwidth_margin": 0,
        "hover": "scale",
        "gap": 30,
        "reversed": false,
        "align": "start",
        "image": "shopify://shop_images/portrait-young-woman-with-afro-haircut-face-mask.jpg",
        "link_banner": "shopify://collections/all",
        "logo": "shopify://shop_images/BannerV228-img2_93034195-e64e-4c0b-b7f2-e2c3172a55c4.png",
        "subtitle": "Our Skincare",
        "title": "Personalised treatments <br> that evolve with you & your skin",
        "description": "Everyone’s skin is different. Get a personalised treatment tailored to your skin’s unique needs with the flexibility to adjust anytime for lasting, visible results. Healthy radiant skin is for everyone. Experience accessible and affordable dermatologist expertise– no long waits, no high costs, only effective formulations made with proven ingredients.",
        "button_text": "Read more",
        "button_link": "shopify://collections/all",
        "button_mode": "accent",
        "button_style": "secondary",
        "button_size": "sm",
        "button_radius": 0.8,
        "button_padding": 1.4,
        "color_scheme": "background-1",
        "background_color": "",
        "background_gradient": "",
        "use_parallax": true,
        "background_image_animation": "zoom-out",
        "background_video_url": "",
        "background_margin": 0,
        "padding_top": 50,
        "padding_bottom": 50
      }
    },
    "testimonial-v2": {
      "type": "testimonial-v2",
      "blocks": {
        "review_H7zUTP": {
          "type": "review",
          "settings": {
            "stars": 5,
            "testimonial": "Perfect for active people who want a product that absorbs quickly and easily with all the benefits…",
            "name_customer": "JK. Stone",
            "position": "Los Angeles, CA"
          }
        },
        "review_daxjQW": {
          "type": "review",
          "settings": {
            "stars": 5,
            "testimonial": "It controls shine without making my face feel tight or dry. My skin feels balanced and looks so much better.",
            "name_customer": "JK. Stone",
            "position": "Los Angeles, CA"
          }
        },
        "review_weQpkh": {
          "type": "review",
          "settings": {
            "stars": 5,
            "testimonial": "As someone with dry skin, the Body Butter has been a lifesaver. My skin feels so soft and hydrated after using it.",
            "name_customer": "JK. Stone",
            "position": "Los Angeles, CA"
          }
        },
        "review_HFFkep": {
          "type": "review",
          "settings": {
            "stars": 5,
            "testimonial": "So soft and hydrating! My skin has never looked so radiant since using the Glow Facial Serum. Highly recommend!",
            "name_customer": "JK. Stone",
            "position": "Los Angeles, CA"
          }
        },
        "review_MCaD6n": {
          "type": "review",
          "settings": {
            "stars": 5,
            "testimonial": "It feels super light on the skin, absorbs quickly, and doesn’t leave any sticky residue.",
            "name_customer": "JK. Stone",
            "position": "Los Angeles, CA"
          }
        }
      },
      "block_order": [
        "review_H7zUTP",
        "review_daxjQW",
        "review_weQpkh",
        "review_HFFkep",
        "review_MCaD6n"
      ],
      "settings": {
        "width": "wide",
        "fullwidth_margin": 0,
        "subtitle": "Review",
        "title": "We asked, you answered",
        "columns_carousel": 5,
        "gap": 15,
        "auto_play": false,
        "description": "We let our customer speak for themselvese",
        "information1": "4.89 average",
        "information2": "210 reviews",
        "color_scheme": "",
        "background_color": "",
        "background_gradient": "",
        "use_parallax": true,
        "background_image_animation": "zoom-out",
        "background_video_url": "",
        "background_margin": 0,
        "padding_top": 50,
        "padding_bottom": 50
      }
    },
    "marquee-v1": {
      "type": "marquee-v1",
      "blocks": {
        "image1": {
          "type": "image",
          "settings": {
            "item_image": "shopify://shop_images/harpers-bazaar.505c147a_copy.png",
            "item_link": ""
          }
        },
        "image4": {
          "type": "text",
          "settings": {
            "item_text": "TRUSTED BRAND",
            "item_link": "",
            "color_text": "#e7d6cd"
          }
        },
        "image_GT8PDA": {
          "type": "image",
          "settings": {
            "item_image": "shopify://shop_images/woman-and-home.2a3426ea_copy.png",
            "item_link": ""
          }
        },
        "text_VHKV9w": {
          "type": "text",
          "settings": {
            "item_text": "TRUSTED BRAND",
            "item_link": "",
            "color_text": "#e7d6cd"
          }
        },
        "image_3pBC8P": {
          "type": "image",
          "settings": {
            "item_image": "shopify://shop_images/vogue.10037399_copy.png",
            "item_link": ""
          }
        },
        "text_ErVfx9": {
          "type": "text",
          "settings": {
            "item_text": "TRUSTED BRAND",
            "item_link": "",
            "color_text": "#e7d6cd"
          }
        },
        "image_rtCpC9": {
          "type": "image",
          "settings": {
            "item_image": "shopify://shop_images/marie-claire.eb55482a_copy.png",
            "item_link": ""
          }
        },
        "text_BdWz9d": {
          "type": "text",
          "settings": {
            "item_text": "TRUSTED BRAND",
            "item_link": "",
            "color_text": "#e7d6cd"
          }
        },
        "image_wPNCaf": {
          "type": "image",
          "settings": {
            "item_image": "shopify://shop_images/elle.f8778736_copy.png",
            "item_link": ""
          }
        },
        "text_UAMaNG": {
          "type": "text",
          "settings": {
            "item_text": "TRUSTED BRAND",
            "item_link": "",
            "color_text": "#e7d6cd"
          }
        },
        "image_fAXeB3": {
          "type": "image",
          "settings": {
            "item_image": "shopify://shop_images/good-housekeeping.3f6d0363-2.png",
            "item_link": ""
          }
        },
        "text_6Dcm4C": {
          "type": "text",
          "settings": {
            "item_text": "TRUSTED BRAND",
            "item_link": "",
            "color_text": "#e7d6cd"
          }
        }
      },
      "block_order": [
        "image1",
        "image4",
        "image_GT8PDA",
        "text_VHKV9w",
        "image_3pBC8P",
        "text_ErVfx9",
        "image_rtCpC9",
        "text_BdWz9d",
        "image_wPNCaf",
        "text_UAMaNG",
        "image_fAXeB3",
        "text_6Dcm4C"
      ],
      "settings": {
        "item_space": 4,
        "marquee_height": 40,
        "marquee_speed": 4,
        "stop_marquee": true,
        "marquee_right_to_left": false,
        "color_scheme": "",
        "background_color": "",
        "background_gradient": "",
        "background_margin": 0,
        "padding_top": 50,
        "padding_bottom": 0
      }
    },
    "instagram-v1": {
      "type": "instagram-v1",
      "settings": {
        "width": "fullwidth",
        "fullwidth_margin": 0,
        "icon_heading": "<svg xmlns=\"http://www.w3.org/2000/svg\" width=\"70\" height=\"70\" viewbox=\"0 0 50 50\" fill=\"none\">\n  <g clip-path=\"url(#clip0_11_25)\">\n    <path d=\"M34.375 0H15.625C6.99687 0 0 6.99687 0 15.625V34.375C0 43.0031 6.99687 50 15.625 50H34.375C43.0031 50 50 43.0031 50 34.375V15.625C50 6.99687 43.0031 0 34.375 0ZM45.3125 34.375C45.3125 40.4062 40.4062 45.3125 34.375 45.3125H15.625C9.59375 45.3125 4.6875 40.4062 4.6875 34.375V15.625C4.6875 9.59375 9.59375 4.6875 15.625 4.6875H34.375C40.4062 4.6875 45.3125 9.59375 45.3125 15.625V34.375Z\" fill=\"url(#paint0_linear_11_25)\"></path>\n    <path d=\"M25 12.5C18.0969 12.5 12.5 18.0969 12.5 25C12.5 31.9031 18.0969 37.5 25 37.5C31.9031 37.5 37.5 31.9031 37.5 25C37.5 18.0969 31.9031 12.5 25 12.5ZM25 32.8125C20.6937 32.8125 17.1875 29.3063 17.1875 25C17.1875 20.6906 20.6937 17.1875 25 17.1875C29.3063 17.1875 32.8125 20.6906 32.8125 25C32.8125 29.3063 29.3063 32.8125 25 32.8125Z\" fill=\"url(#paint1_linear_11_25)\"></path>\n    <path d=\"M38.4375 13.2281C39.3574 13.2281 40.1031 12.4824 40.1031 11.5625C40.1031 10.6426 39.3574 9.89685 38.4375 9.89685C37.5176 9.89685 36.7719 10.6426 36.7719 11.5625C36.7719 12.4824 37.5176 13.2281 38.4375 13.2281Z\" fill=\"url(#paint2_linear_11_25)\"></path>\n  </g>\n  <defs>\n    <lineargradient id=\"paint0_linear_11_25\" x1=\"4.57703\" y1=\"45.4233\" x2=\"45.423\" y2=\"4.57672\" gradientunits=\"userSpaceOnUse\">\n      <stop stop-color=\"#FFC107\"></stop>\n      <stop offset=\"0.507\" stop-color=\"#F44336\"></stop>\n      <stop offset=\"0.99\" stop-color=\"#9C27B0\"></stop>\n    </lineargradient>\n    <lineargradient id=\"paint1_linear_11_25\" x1=\"16.1614\" y1=\"33.8386\" x2=\"33.8386\" y2=\"16.1614\" gradientunits=\"userSpaceOnUse\">\n      <stop stop-color=\"#FFC107\"></stop>\n      <stop offset=\"0.507\" stop-color=\"#F44336\"></stop>\n      <stop offset=\"0.99\" stop-color=\"#9C27B0\"></stop>\n    </lineargradient>\n    <lineargradient id=\"paint2_linear_11_25\" x1=\"37.2598\" y1=\"12.7404\" x2=\"39.6152\" y2=\"10.3848\" gradientunits=\"userSpaceOnUse\">\n      <stop stop-color=\"#FFC107\"></stop>\n      <stop offset=\"0.507\" stop-color=\"#F44336\"></stop>\n      <stop offset=\"0.99\" stop-color=\"#9C27B0\"></stop>\n    </lineargradient>\n    <clippath id=\"clip0_11_25\">\n      <rect width=\"50\" height=\"50\" fill=\"white\"></rect>\n    </clippath>\n  </defs>\n</svg>",
        "icon_image": "<svg xmlns=\"http://www.w3.org/2000/svg\" viewbox=\"0 0 448 512\"><path d=\"M224.1 141c-63.6 0-114.9 51.3-114.9 114.9s51.3 114.9 114.9 114.9S339 319.5 339 255.9 287.7 141 224.1 141zm0 189.6c-41.1 0-74.7-33.5-74.7-74.7s33.5-74.7 74.7-74.7 74.7 33.5 74.7 74.7-33.6 74.7-74.7 74.7zm146.4-194.3c0 14.9-12 26.8-26.8 26.8-14.9 0-26.8-12-26.8-26.8s12-26.8 26.8-26.8 26.8 12 26.8 26.8zm76.1 27.2c-1.7-35.9-9.9-67.7-36.2-93.9-26.2-26.2-58-34.4-93.9-36.2-37-2.1-147.9-2.1-184.9 0-35.8 1.7-67.6 9.9-93.9 36.1s-34.4 58-36.2 93.9c-2.1 37-2.1 147.9 0 184.9 1.7 35.9 9.9 67.7 36.2 93.9s58 34.4 93.9 36.2c37 2.1 147.9 2.1 184.9 0 35.9-1.7 67.7-9.9 93.9-36.2 26.2-26.2 34.4-58 36.2-93.9 2.1-37 2.1-147.8 0-184.8zM398.8 388c-7.8 19.6-22.9 34.7-42.6 42.6-29.5 11.7-99.5 9-132.1 9s-102.7 2.6-132.1-9c-19.6-7.8-34.7-22.9-42.6-42.6-11.7-29.5-9-99.5-9-132.1s-2.6-102.7 9-132.1c7.8-19.6 22.9-34.7 42.6-42.6 29.5-11.7 99.5-9 132.1-9s102.7-2.6 132.1 9c19.6 7.8 34.7 22.9 42.6 42.6 11.7 29.5 9 99.5 9 132.1s2.7 102.7-9 132.1z\"></path></svg>",
        "title": "Follow us on instagram",
        "access_token": "",
        "open_mode": "newtab",
        "limit": 6,
        "auto_play": false,
        "color_scheme": "",
        "background_color": "",
        "background_gradient": "",
        "background_margin": 0,
        "padding_top": 50,
        "padding_bottom": 0
      }
    }
  },
  "order": [
    "slideshow-v1",
    "collection-v1",
    "product-v3",
    "banner-v2",
    "product-v1",
    "banner-v3",
    "testimonial-v2",
    "marquee-v1",
    "instagram-v1"
  ]
}
