{
  "sections": {
    "breadcrumb-v2": {
      "type": "breadcrumb-v2",
      "settings": {
        "color_scheme": "inverse",
        "background_image_desktop": "shopify://shop_images/Group_39.jpg",
        "background_image_mobile": "shopify://shop_images/Group_39.jpg",
        "background_color": "#f3f3f3",
        "padding_top": 110,
        "padding_bottom": 110
      }
    },
    "about_v9_EYzwkg": {
      "type": "about-v4",
      "settings": {
        "width": "box",
        "gap": 80,
        "image": "shopify://shop_images/canva-eyeshadow-palette-flatlay-MAEOA5tWCAQ.jpg",
        "title": "Our Story",
        "subtitle": "Cenean imperdiet. Fusce vel dui Praesent adipiscing.",
        "description": "Ut enim ad minim veniam, quis nostrud exercitation ullamco laboris nisi ut aliquip ex ea commodo consequat. Duis aute irure dolor in reprehenderit in voluptate velit esse cillum dolore eu fugiat nulla pariatur. Excepteur sint occaecat cupidatat non proident, sunt in culpa qui officia deserunt mollit anim id est laborum.Lorem ipsum dolor sit amet, consectetur adipiscing elit, sed do eiusmod tempor incididunt ut labore et dolore magna aliqua. Ut enim ad minim veniam, quis nostrud exercitation ullamco laboris nisi ut aliquip ex ea commodo consequat. Duis aute irure dolor in reprehenderit in voluptate velit esse cillum dolore eu fugiat nulla pariatur. Excepteur sint occaecat cupidatat non proident, sunt in culpa qui officia deserunt mollit anim id est laborum.<br><br>Maecenas egestas arcu quis ligula mattis placerat. Quisque id mi. Sed a libero. Vestibulum ullamcorper mauris at ligula. Aenean posuere, tortor sed cursus feugiat, nunc augue blandit nunc, eu sollicitudin urna dolor sagittis lacus. Suspendisse non nisl sit amet velit hendrerit rutrum. Nulla porta dolor. Nunc interdum lacus sit amet orci",
        "color_scheme": "",
        "background_color": "",
        "background_gradient": "",
        "use_parallax": true,
        "padding_top": 65,
        "padding_bottom": 50
      }
    },
    "about_v10_yfzTMx": {
      "type": "our-team-v3",
      "blocks": {
        "578ec5ca-6653-4258-9489-486aa76d0686": {
          "type": "member",
          "settings": {
            "image": "shopify:\/\/shop_images\/avatar_01.jpg",
            "name": "Adrian Stone",
            "position": "Ceo",
            "social_icon1": "<svg xmlns=\"http:\/\/www.w3.org\/2000\/svg\" viewbox=\"0 0 320 512\"><path d=\"M80 299.3V512H196V299.3h86.5l18-97.8H196V166.9c0-51.7 20.3-71.5 72.7-71.5c16.3 0 29.4 .4 37 1.2V7.9C291.4 4 256.4 0 236.2 0C129.3 0 80 50.5 80 159.4v42.1H14v97.8H80z\"><\/path><\/svg>",
            "social_link1": "",
            "social_icon2": "<svg xmlns=\"http:\/\/www.w3.org\/2000\/svg\" viewbox=\"0 0 512 512\"><path d=\"M459.4 151.7c.3 4.5 .3 9.1 .3 13.6 0 138.7-105.6 298.6-298.6 298.6-59.5 0-114.7-17.2-161.1-47.1 8.4 1 16.6 1.3 25.3 1.3 49.1 0 94.2-16.6 130.3-44.8-46.1-1-84.8-31.2-98.1-72.8 6.5 1 13 1.6 19.8 1.6 9.4 0 18.8-1.3 27.6-3.6-48.1-9.7-84.1-52-84.1-103v-1.3c14 7.8 30.2 12.7 47.4 13.3-28.3-18.8-46.8-51-46.8-87.4 0-19.5 5.2-37.4 14.3-53 51.7 63.7 129.3 105.3 216.4 109.8-1.6-7.8-2.6-15.9-2.6-24 0-57.8 46.8-104.9 104.9-104.9 30.2 0 57.5 12.7 76.7 33.1 23.7-4.5 46.5-13.3 66.6-25.3-7.8 24.4-24.4 44.8-46.1 57.8 21.1-2.3 41.6-8.1 60.4-16.2-14.3 20.8-32.2 39.3-52.6 54.3z\"><\/path><\/svg>",
            "social_link2": "",
            "social_icon3": "<svg xmlns=\"http:\/\/www.w3.org\/2000\/svg\" viewbox=\"0 0 448 512\"><path d=\"M224.1 141c-63.6 0-114.9 51.3-114.9 114.9s51.3 114.9 114.9 114.9S339 319.5 339 255.9 287.7 141 224.1 141zm0 189.6c-41.1 0-74.7-33.5-74.7-74.7s33.5-74.7 74.7-74.7 74.7 33.5 74.7 74.7-33.6 74.7-74.7 74.7zm146.4-194.3c0 14.9-12 26.8-26.8 26.8-14.9 0-26.8-12-26.8-26.8s12-26.8 26.8-26.8 26.8 12 26.8 26.8zm76.1 27.2c-1.7-35.9-9.9-67.7-36.2-93.9-26.2-26.2-58-34.4-93.9-36.2-37-2.1-147.9-2.1-184.9 0-35.8 1.7-67.6 9.9-93.9 36.1s-34.4 58-36.2 93.9c-2.1 37-2.1 147.9 0 184.9 1.7 35.9 9.9 67.7 36.2 93.9s58 34.4 93.9 36.2c37 2.1 147.9 2.1 184.9 0 35.9-1.7 67.7-9.9 93.9-36.2 26.2-26.2 34.4-58 36.2-93.9 2.1-37 2.1-147.8 0-184.8zM398.8 388c-7.8 19.6-22.9 34.7-42.6 42.6-29.5 11.7-99.5 9-132.1 9s-102.7 2.6-132.1-9c-19.6-7.8-34.7-22.9-42.6-42.6-11.7-29.5-9-99.5-9-132.1s-2.6-102.7 9-132.1c7.8-19.6 22.9-34.7 42.6-42.6 29.5-11.7 99.5-9 132.1-9s102.7-2.6 132.1 9c19.6 7.8 34.7 22.9 42.6 42.6 11.7 29.5 9 99.5 9 132.1s2.7 102.7-9 132.1z\"><\/path><\/svg>",
            "social_link3": "",
            "social_icon4": "<svg xmlns=\"http:\/\/www.w3.org\/2000\/svg\" viewbox=\"0 0 496 512\"><path d=\"M496 256c0 137-111 248-248 248-25.6 0-50.2-3.9-73.4-11.1 10.1-16.5 25.2-43.5 30.8-65 3-11.6 15.4-59 15.4-59 8.1 15.4 31.7 28.5 56.8 28.5 74.8 0 128.7-68.8 128.7-154.3 0-81.9-66.9-143.2-152.9-143.2-107 0-163.9 71.8-163.9 150.1 0 36.4 19.4 81.7 50.3 96.1 4.7 2.2 7.2 1.2 8.3-3.3 .8-3.4 5-20.3 6.9-28.1 .6-2.5 .3-4.7-1.7-7.1-10.1-12.5-18.3-35.3-18.3-56.6 0-54.7 41.4-107.6 112-107.6 60.9 0 103.6 41.5 103.6 100.9 0 67.1-33.9 113.6-78 113.6-24.3 0-42.6-20.1-36.7-44.8 7-29.5 20.5-61.3 20.5-82.6 0-19-10.2-34.9-31.4-34.9-24.9 0-44.9 25.7-44.9 60.2 0 22 7.4 36.8 7.4 36.8s-24.5 103.8-29 123.2c-5 21.4-3 51.6-.9 71.2C65.4 450.9 0 361.1 0 256 0 119 111 8 248 8s248 111 248 248z\"><\/path><\/svg>",
            "social_link4": ""
          }
        },
        "f845ebee-407b-441c-a399-cd5d09fb2c79": {
          "type": "member",
          "settings": {
            "image": "shopify:\/\/shop_images\/avatar_02.jpg",
            "name": "Karen Ryan",
            "position": "Designer",
            "social_icon1": "<svg xmlns=\"http:\/\/www.w3.org\/2000\/svg\" viewbox=\"0 0 320 512\"><path d=\"M80 299.3V512H196V299.3h86.5l18-97.8H196V166.9c0-51.7 20.3-71.5 72.7-71.5c16.3 0 29.4 .4 37 1.2V7.9C291.4 4 256.4 0 236.2 0C129.3 0 80 50.5 80 159.4v42.1H14v97.8H80z\"><\/path><\/svg>",
            "social_link1": "",
            "social_icon2": "<svg xmlns=\"http:\/\/www.w3.org\/2000\/svg\" viewbox=\"0 0 512 512\"><path d=\"M459.4 151.7c.3 4.5 .3 9.1 .3 13.6 0 138.7-105.6 298.6-298.6 298.6-59.5 0-114.7-17.2-161.1-47.1 8.4 1 16.6 1.3 25.3 1.3 49.1 0 94.2-16.6 130.3-44.8-46.1-1-84.8-31.2-98.1-72.8 6.5 1 13 1.6 19.8 1.6 9.4 0 18.8-1.3 27.6-3.6-48.1-9.7-84.1-52-84.1-103v-1.3c14 7.8 30.2 12.7 47.4 13.3-28.3-18.8-46.8-51-46.8-87.4 0-19.5 5.2-37.4 14.3-53 51.7 63.7 129.3 105.3 216.4 109.8-1.6-7.8-2.6-15.9-2.6-24 0-57.8 46.8-104.9 104.9-104.9 30.2 0 57.5 12.7 76.7 33.1 23.7-4.5 46.5-13.3 66.6-25.3-7.8 24.4-24.4 44.8-46.1 57.8 21.1-2.3 41.6-8.1 60.4-16.2-14.3 20.8-32.2 39.3-52.6 54.3z\"><\/path><\/svg>",
            "social_link2": "",
            "social_icon3": "<svg xmlns=\"http:\/\/www.w3.org\/2000\/svg\" viewbox=\"0 0 448 512\"><path d=\"M224.1 141c-63.6 0-114.9 51.3-114.9 114.9s51.3 114.9 114.9 114.9S339 319.5 339 255.9 287.7 141 224.1 141zm0 189.6c-41.1 0-74.7-33.5-74.7-74.7s33.5-74.7 74.7-74.7 74.7 33.5 74.7 74.7-33.6 74.7-74.7 74.7zm146.4-194.3c0 14.9-12 26.8-26.8 26.8-14.9 0-26.8-12-26.8-26.8s12-26.8 26.8-26.8 26.8 12 26.8 26.8zm76.1 27.2c-1.7-35.9-9.9-67.7-36.2-93.9-26.2-26.2-58-34.4-93.9-36.2-37-2.1-147.9-2.1-184.9 0-35.8 1.7-67.6 9.9-93.9 36.1s-34.4 58-36.2 93.9c-2.1 37-2.1 147.9 0 184.9 1.7 35.9 9.9 67.7 36.2 93.9s58 34.4 93.9 36.2c37 2.1 147.9 2.1 184.9 0 35.9-1.7 67.7-9.9 93.9-36.2 26.2-26.2 34.4-58 36.2-93.9 2.1-37 2.1-147.8 0-184.8zM398.8 388c-7.8 19.6-22.9 34.7-42.6 42.6-29.5 11.7-99.5 9-132.1 9s-102.7 2.6-132.1-9c-19.6-7.8-34.7-22.9-42.6-42.6-11.7-29.5-9-99.5-9-132.1s-2.6-102.7 9-132.1c7.8-19.6 22.9-34.7 42.6-42.6 29.5-11.7 99.5-9 132.1-9s102.7-2.6 132.1 9c19.6 7.8 34.7 22.9 42.6 42.6 11.7 29.5 9 99.5 9 132.1s2.7 102.7-9 132.1z\"><\/path><\/svg>",
            "social_link3": "",
            "social_icon4": "<svg xmlns=\"http:\/\/www.w3.org\/2000\/svg\" viewbox=\"0 0 496 512\"><path d=\"M496 256c0 137-111 248-248 248-25.6 0-50.2-3.9-73.4-11.1 10.1-16.5 25.2-43.5 30.8-65 3-11.6 15.4-59 15.4-59 8.1 15.4 31.7 28.5 56.8 28.5 74.8 0 128.7-68.8 128.7-154.3 0-81.9-66.9-143.2-152.9-143.2-107 0-163.9 71.8-163.9 150.1 0 36.4 19.4 81.7 50.3 96.1 4.7 2.2 7.2 1.2 8.3-3.3 .8-3.4 5-20.3 6.9-28.1 .6-2.5 .3-4.7-1.7-7.1-10.1-12.5-18.3-35.3-18.3-56.6 0-54.7 41.4-107.6 112-107.6 60.9 0 103.6 41.5 103.6 100.9 0 67.1-33.9 113.6-78 113.6-24.3 0-42.6-20.1-36.7-44.8 7-29.5 20.5-61.3 20.5-82.6 0-19-10.2-34.9-31.4-34.9-24.9 0-44.9 25.7-44.9 60.2 0 22 7.4 36.8 7.4 36.8s-24.5 103.8-29 123.2c-5 21.4-3 51.6-.9 71.2C65.4 450.9 0 361.1 0 256 0 119 111 8 248 8s248 111 248 248z\"><\/path><\/svg>",
            "social_link4": ""
          }
        },
        "8e45531f-9d72-4406-90b3-c4288e9e327a": {
          "type": "member",
          "settings": {
            "image": "shopify:\/\/shop_images\/avatar_03.jpg",
            "name": "Ferguson",
            "position": "Designer",
            "social_icon1": "<svg xmlns=\"http:\/\/www.w3.org\/2000\/svg\" viewbox=\"0 0 320 512\"><path d=\"M80 299.3V512H196V299.3h86.5l18-97.8H196V166.9c0-51.7 20.3-71.5 72.7-71.5c16.3 0 29.4 .4 37 1.2V7.9C291.4 4 256.4 0 236.2 0C129.3 0 80 50.5 80 159.4v42.1H14v97.8H80z\"><\/path><\/svg>",
            "social_link1": "",
            "social_icon2": "<svg xmlns=\"http:\/\/www.w3.org\/2000\/svg\" viewbox=\"0 0 512 512\"><path d=\"M459.4 151.7c.3 4.5 .3 9.1 .3 13.6 0 138.7-105.6 298.6-298.6 298.6-59.5 0-114.7-17.2-161.1-47.1 8.4 1 16.6 1.3 25.3 1.3 49.1 0 94.2-16.6 130.3-44.8-46.1-1-84.8-31.2-98.1-72.8 6.5 1 13 1.6 19.8 1.6 9.4 0 18.8-1.3 27.6-3.6-48.1-9.7-84.1-52-84.1-103v-1.3c14 7.8 30.2 12.7 47.4 13.3-28.3-18.8-46.8-51-46.8-87.4 0-19.5 5.2-37.4 14.3-53 51.7 63.7 129.3 105.3 216.4 109.8-1.6-7.8-2.6-15.9-2.6-24 0-57.8 46.8-104.9 104.9-104.9 30.2 0 57.5 12.7 76.7 33.1 23.7-4.5 46.5-13.3 66.6-25.3-7.8 24.4-24.4 44.8-46.1 57.8 21.1-2.3 41.6-8.1 60.4-16.2-14.3 20.8-32.2 39.3-52.6 54.3z\"><\/path><\/svg>",
            "social_link2": "",
            "social_icon3": "<svg xmlns=\"http:\/\/www.w3.org\/2000\/svg\" viewbox=\"0 0 448 512\"><path d=\"M224.1 141c-63.6 0-114.9 51.3-114.9 114.9s51.3 114.9 114.9 114.9S339 319.5 339 255.9 287.7 141 224.1 141zm0 189.6c-41.1 0-74.7-33.5-74.7-74.7s33.5-74.7 74.7-74.7 74.7 33.5 74.7 74.7-33.6 74.7-74.7 74.7zm146.4-194.3c0 14.9-12 26.8-26.8 26.8-14.9 0-26.8-12-26.8-26.8s12-26.8 26.8-26.8 26.8 12 26.8 26.8zm76.1 27.2c-1.7-35.9-9.9-67.7-36.2-93.9-26.2-26.2-58-34.4-93.9-36.2-37-2.1-147.9-2.1-184.9 0-35.8 1.7-67.6 9.9-93.9 36.1s-34.4 58-36.2 93.9c-2.1 37-2.1 147.9 0 184.9 1.7 35.9 9.9 67.7 36.2 93.9s58 34.4 93.9 36.2c37 2.1 147.9 2.1 184.9 0 35.9-1.7 67.7-9.9 93.9-36.2 26.2-26.2 34.4-58 36.2-93.9 2.1-37 2.1-147.8 0-184.8zM398.8 388c-7.8 19.6-22.9 34.7-42.6 42.6-29.5 11.7-99.5 9-132.1 9s-102.7 2.6-132.1-9c-19.6-7.8-34.7-22.9-42.6-42.6-11.7-29.5-9-99.5-9-132.1s-2.6-102.7 9-132.1c7.8-19.6 22.9-34.7 42.6-42.6 29.5-11.7 99.5-9 132.1-9s102.7-2.6 132.1 9c19.6 7.8 34.7 22.9 42.6 42.6 11.7 29.5 9 99.5 9 132.1s2.7 102.7-9 132.1z\"><\/path><\/svg>",
            "social_link3": "",
            "social_icon4": "<svg xmlns=\"http:\/\/www.w3.org\/2000\/svg\" viewbox=\"0 0 496 512\"><path d=\"M496 256c0 137-111 248-248 248-25.6 0-50.2-3.9-73.4-11.1 10.1-16.5 25.2-43.5 30.8-65 3-11.6 15.4-59 15.4-59 8.1 15.4 31.7 28.5 56.8 28.5 74.8 0 128.7-68.8 128.7-154.3 0-81.9-66.9-143.2-152.9-143.2-107 0-163.9 71.8-163.9 150.1 0 36.4 19.4 81.7 50.3 96.1 4.7 2.2 7.2 1.2 8.3-3.3 .8-3.4 5-20.3 6.9-28.1 .6-2.5 .3-4.7-1.7-7.1-10.1-12.5-18.3-35.3-18.3-56.6 0-54.7 41.4-107.6 112-107.6 60.9 0 103.6 41.5 103.6 100.9 0 67.1-33.9 113.6-78 113.6-24.3 0-42.6-20.1-36.7-44.8 7-29.5 20.5-61.3 20.5-82.6 0-19-10.2-34.9-31.4-34.9-24.9 0-44.9 25.7-44.9 60.2 0 22 7.4 36.8 7.4 36.8s-24.5 103.8-29 123.2c-5 21.4-3 51.6-.9 71.2C65.4 450.9 0 361.1 0 256 0 119 111 8 248 8s248 111 248 248z\"><\/path><\/svg>",
            "social_link4": ""
          }
        }
      },
      "block_order": [
        "578ec5ca-6653-4258-9489-486aa76d0686",
        "f845ebee-407b-441c-a399-cd5d09fb2c79",
        "8e45531f-9d72-4406-90b3-c4288e9e327a"
      ],
      "settings": {
        "width": "wide",
        "columns_carousel": 2,
        "autoplay": false,
        "title": "Behind <br> The Brands",
        "description": "We are a female-founded, 100% woman-led team of collaborative dreamers who value innovation, curiosity and free-thinking fearlessness in everything that we do.  <br> <br>  We take immeasurable pride in our work, intentionally stitching love into the very fiber and fabric of our designs. We are small, but we are a mighty group of talented individuals dedicated to bringing you otherworldly designs with imagery to match.",
        "color_scheme": "inverse",
        "background_color": "",
        "background_gradient": "",
        "background_image_desktop": "shopify://shop_images/canva-cosmetics-makeup-brushes-and-powder-dust-explosion-MADyQ5D607E.jpg",
        "background_image_mobile": "shopify://shop_images/canva-cosmetics-makeup-brushes-and-powder-dust-explosion-MADyQ5D607E.jpg",
        "use_parallax": false,
        "padding_top": 90,
        "padding_bottom": 90
      }
    },
    "about_v11_A7FCra": {
      "type": "about-v5",
      "settings": {
        "width": "box",
        "svg": "<svg xmlns=\"http:\/\/www.w3.org\/2000\/svg\" id=\"Layer_1\" x=\"0px\" y=\"0px\" viewbox=\"0 0 512 512\" style=\"enable-background:new 0 0 512 512;\" xmlns:xlink=\"http:\/\/www.w3.org\/1999\/xlink\" xml:space=\"preserve\"> <g> <g> <path d=\"M506.135,221.963l-87.197-98.667c-1.898-2.148-4.627-3.378-7.493-3.378H100.556c-2.866,0-5.595,1.23-7.493,3.378    L5.865,221.963c-2.604,2.947-3.239,7.146-1.623,10.732c0.609,1.352,1.497,2.52,2.577,3.453c0.021,0.023,0.037,0.049,0.058,0.073    l241.642,272.415c1.898,2.14,4.621,3.364,7.481,3.364c2.86,0,5.583-1.225,7.481-3.364l241.642-272.415    c0.021-0.023,0.038-0.049,0.058-0.073c1.079-0.933,1.967-2.102,2.577-3.453C509.374,229.109,508.739,224.91,506.135,221.963z     M393.713,139.917l-44.441,71.644l-71.22-71.644H393.713z M328.054,218.585H183.946L256,146.102L328.054,218.585z     M233.948,139.918l-71.22,71.644l-44.441-71.644H233.948z M99.004,146.774l44.545,71.811H35.541L99.004,146.774z M35.709,238.585    h118.178l81.636,225.261L35.709,238.585z M276.848,463.428l57.038-154.372c1.914-5.181-0.734-10.932-5.914-12.846    c-5.183-1.916-10.933,0.733-12.846,5.914l-59.035,159.777L175.16,238.585h301.131L276.848,463.428z M368.451,218.585    l44.545-71.811l63.463,71.811H368.451z\"><\/path> <\/g> <\/g> <g> <g> <path d=\"M256,0c-5.522,0-10,4.477-10,10v51.513c0,5.523,4.478,10,10,10c5.522,0,10-4.477,10-10V10C266,4.477,261.522,0,256,0z\"><\/path> <\/g> <\/g> <g> <g> <path d=\"M347.062,39.524c-3.905-3.905-10.235-3.905-14.143,0l-36.426,36.425c-3.905,3.905-3.905,10.237,0,14.142    c1.954,1.953,4.513,2.929,7.072,2.929c2.559,0,5.118-0.977,7.071-2.929l36.426-36.425    C350.967,49.761,350.967,43.429,347.062,39.524z\"><\/path> <\/g> <\/g> <g> <g> <path d=\"M213.558,75.949l-36.425-36.425c-3.904-3.905-10.234-3.905-14.143,0c-3.905,3.905-3.905,10.237,0,14.142l36.426,36.425    c1.953,1.953,4.512,2.929,7.071,2.929s5.118-0.977,7.071-2.929C217.463,86.186,217.463,79.854,213.558,75.949z\"><\/path> <\/g> <\/g> <g> <g> <circle cx=\"337.43\" cy=\"268.36\" r=\"10\"><\/circle> <\/g> <\/g> <g> <\/g> <g> <\/g> <g> <\/g> <g> <\/g> <g> <\/g> <g> <\/g> <g> <\/g> <g> <\/g> <g> <\/g> <g> <\/g> <g> <\/g> <g> <\/g> <g> <\/g> <g> <\/g> <g> <\/g> <\/svg>",
        "title": "We’re committing to create the change we <br> want to see in the world",
        "color_scheme": "",
        "background_color": "",
        "background_gradient": "",
        "use_parallax": true,
        "padding_top": 90,
        "padding_bottom": 65
      }
    },
    "policy_v2_7NG46F": {
      "type": "policy-v1",
      "blocks": {
        "items_box_pcjj9V": {
          "type": "items-box",
          "settings": {
            "svg": "<svg xmlns=\"http:\/\/www.w3.org\/2000\/svg\" id=\"Capa_2\" height=\"512\" viewbox=\"0 0 512 512\" width=\"512\"><g><path d=\"m71.858 418.114 48.142 24.067v59.819c0 5.523 4.478 10 10 10h106c5.522 0 10-4.477 10-10v-136.55c0-30.637-22.983-56.045-53.391-59.093-.118-.033-42.3-6.618-61.87-26.189l-22.458-22.448c-7.556-7.558-17.6-11.72-28.281-11.72v-80c0-22.056-17.944-40-40-40s-40 17.944-40 40v135.84c0 49.212 27.798 94.239 71.858 116.274zm-51.858-252.114c0-11.028 8.972-20 20-20s20 8.972 20 20v85.361c-12.196 7.052-20 20.2-20 34.639 0 10.68 4.162 20.723 11.719 28.28l51.21 51.22c3.903 3.905 10.236 3.907 14.142.001 3.905-3.905 3.906-10.236.001-14.142l-51.21-51.221c-3.78-3.779-5.862-8.8-5.862-14.138 0-8.464 5.357-16.044 13.332-18.861.003-.001.006-.003.009-.004h.001c6.896-2.444 15.077-.994 20.799 4.728l22.458 22.449c23.186 23.185 73.843 31.91 73.944 31.938 20.214 2.026 35.457 18.879 35.457 39.2v126.55h-86v-56c0-3.788-2.141-7.251-5.528-8.944l-53.669-26.83c-37.504-18.757-60.803-56.456-60.803-98.386z\"><\/path><path d=\"m136 246h240c5.522 0 10-4.477 10-10v-226c0-5.523-4.478-10-10-10h-240c-5.522 0-10 4.477-10 10v226c0 5.523 4.478 10 10 10zm90-226h60v53.893l-25.975-12.855c-2.82-1.397-6.136-1.382-8.944.037l-25.081 12.67zm-80 0h60v70c0 3.473 1.802 6.698 4.761 8.518 2.957 1.819 6.649 1.974 9.748.408l35.127-17.745 35.929 17.782c3.046 1.508 6.722 1.389 9.71-.467 2.938-1.825 4.725-5.038 4.725-8.496v-70h60v206h-220z\"><\/path><path d=\"m336 176h-60c-5.522 0-10 4.477-10 10s4.478 10 10 10h60c5.522 0 10-4.477 10-10s-4.478-10-10-10z\"><\/path><circle cx=\"459\" cy=\"394\" r=\"10\"><\/circle><path d=\"m472 126c-22.056 0-40 17.944-40 40v80c-10.681 0-20.725 4.162-28.279 11.717l-22.462 22.452c-12.3 12.301-43.459 24.337-61.128 26.108l-.668.072c-30.48 3.056-53.463 28.464-53.463 59.101v136.55c0 5.523 4.478 10 10 10h106c5.522 0 10-4.477 10-10v-59.819l32.73-16.362c4.939-2.47 6.942-8.476 4.473-13.417-2.469-4.938-8.474-6.942-13.416-4.473l-38.259 19.125c-3.387 1.695-5.528 5.158-5.528 8.946v56h-86v-126.55c0-20.321 15.243-37.174 35.529-39.208l.669-.072c21.691-2.175 57.605-16.262 73.201-31.857l22.462-22.452c5.724-5.724 13.913-7.166 20.797-4.726h.001c.003.001.006.003.009.004 13.771 4.865 17.917 22.551 7.471 33.001l-51.21 51.22c-3.905 3.906-3.904 10.237.001 14.142 3.904 3.904 10.237 3.905 14.142-.001l51.21-51.22c18.487-18.49 14.636-49.669-8.281-62.92v-85.361c0-11.028 8.972-20 20-20s20 8.972 20 20v135.84c0 18.296-4.617 36.46-13.353 52.528-2.639 4.852-.844 10.924 4.009 13.562 4.851 2.636 10.924.843 13.562-4.009 10.324-18.99 15.781-40.458 15.781-62.081v-135.84c0-22.056-17.944-40-40-40z\"><\/path><\/g><\/svg>",
            "title": "Free Shipping",
            "title_sub": "Capped at $39 per order"
          }
        },
        "items_box_WyJEYB": {
          "type": "items-box",
          "settings": {
            "svg": "<svg xmlns=\"http:\/\/www.w3.org\/2000\/svg\" id=\"Capa_3\" x=\"0px\" y=\"0px\" viewbox=\"0 0 512 512\" style=\"enable-background:new 0 0 512 512;\" xmlns:xlink=\"http:\/\/www.w3.org\/1999\/xlink\" xml:space=\"preserve\"> <g> <g> <path d=\"M462,74H50C22.43,74,0,96.43,0,124v264c0,27.57,22.43,50,50,50h155c5.523,0,10-4.477,10-10s-4.477-10-10-10H50    c-16.542,0-30-13.458-30-30V266h217.339c1.603,8.116,6.434,15.268,13.599,19.811c2.333,1.479,4.815,2.603,7.373,3.395    l-17.606,30.278c-2.037,3.502-1.759,7.887,0.703,11.104c2.462,3.217,6.622,4.63,10.534,3.581l23.946-6.427l6.407,23.951    c1.045,3.908,4.342,6.801,8.353,7.33c0.439,0.058,0.876,0.086,1.311,0.086c3.538,0,6.856-1.88,8.657-5l45.592-78.968    l57.119,101.554c1.786,3.175,5.134,5.098,8.713,5.098c0.416,0,0.834-0.026,1.254-0.079c4.034-0.509,7.358-3.409,8.409-7.337    l6.408-23.952l23.946,6.427c3.894,1.044,8.035-0.35,10.502-3.54c2.467-3.189,2.777-7.547,0.788-11.054l-29.407-51.821    c0.929,0.086,1.86,0.139,2.791,0.139c5.684,0,11.339-1.602,16.331-4.766c7.165-4.542,11.997-11.695,13.599-19.811H492v122    c0,16.542-13.458,30-30,30H362v-54c0-5.523-4.477-10-10-10s-10,4.477-10,10v54h-51.965c-5.523,0-10,4.477-10,10s4.477,10,10,10    H462c27.57,0,50-22.43,50-50V124C512,96.43,489.57,74,462,74z M261.647,268.918c-3.111-1.972-4.895-5.215-4.895-8.899v-70.063    h-0.001c0-3.684,1.784-6.927,4.895-8.899c3.111-1.973,6.806-2.202,10.137-0.63l49.064,23.149    c-1.211,3.285-1.873,6.833-1.873,10.533V235.5c0,3.818,0.71,7.471,1.996,10.842l-49.186,23.206    C268.453,271.118,264.759,270.89,261.647,268.918z M295.374,323.189l-2.751-10.284c-0.686-2.563-2.362-4.75-4.66-6.076    c-2.298-1.328-5.029-1.686-7.592-0.998l-10.18,2.732l12.94-22.254l46.091-21.746L295.374,323.189z M280.318,162.338    c-9.514-4.488-20.496-3.805-29.379,1.826s-14.187,15.273-14.187,25.791V246H20V124c0-16.542,13.458-30,30-30h292v85.667    c0,1.654,0.408,3.209,1.119,4.583c-3.206,0.686-6.224,1.878-8.973,3.485L280.318,162.338z M354.644,246.036h-5.134    c-5.81,0-10.537-4.727-10.537-10.536v-21.392c0-5.81,4.727-10.536,10.537-10.536h5.134c5.81,0,10.537,4.726,10.537,10.536V235.5    C365.181,241.31,360.454,246.036,354.644,246.036z M434.155,331.339l-10.526-2.825c-2.563-0.688-5.294-0.328-7.592,0.998    c-2.298,1.327-3.975,3.513-4.66,6.076l-2.651,9.908l-45.403-80.724c2.202-0.654,4.3-1.55,6.265-2.658l34.528,16.291    L434.155,331.339z M442.354,268.919c-3.112,1.973-6.806,2.202-10.137,0.63l-49.056-23.145c1.3-3.389,2.02-7.063,2.02-10.904    v-21.392c0-3.723-0.672-7.292-1.897-10.594l48.933-23.087c3.332-1.571,7.025-1.342,10.137,0.63    c3.111,1.972,4.895,5.216,4.895,8.899v70.064h0C447.249,263.703,445.465,266.947,442.354,268.919z M492.001,246h-24.752v-56.044    c0-10.518-5.304-20.16-14.187-25.791c-8.884-5.631-19.867-6.313-29.379-1.826l-53.743,25.356c-2.77-1.61-5.811-2.802-9.042-3.477    c0.7-1.366,1.103-2.91,1.103-4.551V94h100c16.542,0,30,13.458,30,30V246z\"><\/path> <\/g> <\/g> <g> <g> <path d=\"M253.82,420.93c-1.86-1.86-4.44-2.93-7.07-2.93s-5.21,1.07-7.07,2.93s-2.93,4.44-2.93,7.07s1.07,5.21,2.93,7.07    c1.86,1.86,4.44,2.93,7.07,2.93s5.21-1.07,7.07-2.93c1.87-1.86,2.93-4.44,2.93-7.07S255.69,422.79,253.82,420.93z\"><\/path> <\/g> <\/g> <g> <g> <path d=\"M211.5,128H64c-5.523,0-10,4.477-10,10s4.477,10,10,10h147.5c5.523,0,10-4.477,10-10S217.023,128,211.5,128z\"><\/path> <\/g> <\/g> <g> <g> <path d=\"M211.5,354H64c-5.523,0-10,4.477-10,10s4.477,10,10,10h147.5c5.523,0,10-4.477,10-10S217.023,354,211.5,354z\"><\/path> <\/g> <\/g> <g> <g> <path d=\"M126,182H64c-5.523,0-10,4.477-10,10s4.477,10,10,10h62c5.523,0,10-4.477,10-10S131.523,182,126,182z\"><\/path> <\/g> <\/g> <g> <g> <path d=\"M171.76,184.93c-1.86-1.86-4.44-2.93-7.07-2.93c-2.64,0-5.21,1.07-7.07,2.93s-2.93,4.44-2.93,7.07s1.07,5.21,2.93,7.07    s4.43,2.93,7.07,2.93c2.63,0,5.21-1.07,7.07-2.93s2.93-4.44,2.93-7.07S173.62,186.79,171.76,184.93z\"><\/path> <\/g> <\/g> <g> <\/g> <g> <\/g> <g> <\/g> <g> <\/g> <g> <\/g> <g> <\/g> <g> <\/g> <g> <\/g> <g> <\/g> <g> <\/g> <g> <\/g> <g> <\/g> <g> <\/g> <g> <\/g> <g> <\/g> <\/svg>",
            "title": "Securety Payments",
            "title_sub": "Up to 12 months installments"
          }
        },
        "items_box_whzf7b": {
          "type": "items-box",
          "settings": {
            "svg": "<svg xmlns=\"http:\/\/www.w3.org\/2000\/svg\" height=\"511pt\" viewbox=\"0 1 511.99981 511\" width=\"511pt\"><path d=\"m506.8125 111.230469-199.40625-109.496094c-2.996094-1.6445312-6.628906-1.6445312-9.625 0l-75.160156 41.269531c-1.585938.417969-3.066406 1.214844-4.292969 2.359375l-119.949219 65.867188c-3.199218 1.753906-5.1875 5.113281-5.1875 8.765625v132.429687c-20.234375 6.328125-38.777344 17.488281-54.195312 32.910157-40.1875 40.183593-50.433594 101.472656-25.496094 152.507812 2.421875 4.960938 8.410156 7.019531 13.371094 4.59375 4.964844-2.425781 7.019531-8.414062 4.597656-13.375-21.1875-43.363281-12.480469-95.4375 21.667969-129.585938 21.355469-21.355468 49.746093-33.117187 79.945312-33.117187s58.589844 11.761719 79.945313 33.117187c21.351562 21.351563 33.113281 49.742188 33.113281 79.941407s-11.761719 58.589843-33.117187 79.945312c-34.148438 34.148438-86.222657 42.855469-129.585938 21.667969-4.960938-2.425781-10.949219-.367188-13.371094 4.59375-2.425781 4.964844-.371094 10.953125 4.59375 13.375 18.589844 9.085938 38.535156 13.5 58.335938 13.5 34.542968-.003906 68.625-13.449219 94.171875-38.996094 11.714843-11.714844 20.972656-25.230468 27.523437-39.921875l43.089844 23.660157c1.5.824218 3.15625 1.234374 4.8125 1.234374s3.316406-.410156 4.8125-1.234374l199.40625-109.492188c3.199219-1.757812 5.1875-5.117188 5.1875-8.765625v-69.496094c0-5.523437-4.476562-10-10-10s-10 4.476563-10 10v63.578125l-179.375 98.496094v-196.171875l59.199219-32.507813v51.53125c0 3.539063 1.867187 6.8125 4.910156 8.609376 1.570313.925781 3.328125 1.390624 5.089844 1.390624 1.65625 0 3.316406-.410156 4.820312-1.238281l42.730469-23.519531c3.195312-1.757812 5.175781-5.113281 5.175781-8.757812v-62.460938l57.449219-31.542969v52.597657c0 5.523437 4.476562 10 10 10s10-4.476563 10-10v-69.496094c0-3.648438-1.988281-7.011719-5.1875-8.765625zm-204.21875-89.324219 178.628906 98.089844-56.347656 30.941406-178.628906-98.089844zm0 196.175781-178.628906-98.085937 58.414062-32.078125 178.632813 98.085937zm79.191406-43.484375-178.628906-98.085937 22.3125-12.253907 178.632812 98.085938zm-154.617187 110.738282c-25.132813-25.132813-58.546875-38.972657-94.085938-38.972657-6.722656 0-13.363281.496094-19.890625 1.46875v-110.9375l179.4375 98.53125v196.171875l-31.144531-17.101562c3.066406-11.289063 4.652344-23.0625 4.652344-35.078125 0-35.539063-13.839844-68.953125-38.96875-94.082031zm187.386719-60.347657-22.730469 12.511719v-45.597656l22.730469-12.480469zm0 0\"><\/path><path d=\"m502 219.441406c-2.628906 0-5.210938 1.070313-7.070312 2.929688-1.859376 1.859375-2.929688 4.4375-2.929688 7.070312 0 2.628906 1.070312 5.207032 2.929688 7.066406 1.859374 1.863282 4.441406 2.929688 7.070312 2.929688s5.210938-1.066406 7.070312-2.929688c1.859376-1.859374 2.929688-4.4375 2.929688-7.066406 0-2.632812-1.070312-5.210937-2.929688-7.070312-1.859374-1.859375-4.441406-2.929688-7.070312-2.929688zm0 0\"><\/path><path d=\"m99.457031 389.417969c2.558594 0 5.121094-.976563 7.070313-2.925781 3.90625-3.90625 3.90625-10.238282 0-14.144532l-6.925782-6.929687h59.101563c14.335937 0 26 11.664062 26 26 0 14.335937-11.664063 26-26 26h-35.019531c-5.523438 0-10 4.476562-10 10 0 5.519531 4.476562 9.996093 10 9.996093h35.019531c25.363281 0 46-20.632812 46-45.996093s-20.636719-45.996094-46-45.996094h-59.101563l6.925782-6.929687c3.90625-3.90625 3.90625-10.238282 0-14.144532-3.902344-3.902344-10.234375-3.902344-14.140625 0l-24 24c-3.902344 3.90625-3.902344 10.238282 0 14.144532l24 23.996093c1.953125 1.953125 4.511719 2.929688 7.070312 2.929688zm0 0\"><\/path><path d=\"m46.074219 476.449219c-2.84375 0-5.667969-1.210938-7.640625-3.558594l-.019532-.023437c-3.554687-4.226563-3.007812-10.53125 1.21875-14.085938 4.226563-3.558594 10.535157-3.011719 14.089844 1.214844 3.550782 4.230468 3.015625 10.546875-1.210937 14.101562-1.878907 1.578125-4.164063 2.351563-6.4375 2.351563zm0 0\"><\/path><\/svg>",
            "title": "14-Day Returns",
            "title_sub": "Shop with confidence"
          }
        },
        "items_box_VTNtwr": {
          "type": "items-box",
          "settings": {
            "svg": "<svg version=\"1.1\" id=\"Layer_1\" xmlns=\"http:\/\/www.w3.org\/2000\/svg\" x=\"0px\" y=\"0px\" viewbox=\"0 0 55 55\" style=\"enable-background:new 0 0 55 55;\" xmlns:xlink=\"http:\/\/www.w3.org\/1999\/xlink\" xml:space=\"preserve\">\n<g>\n\t<path d=\"M28.8,0.1c1,0.2,2.1,0.4,3.1,0.6c3.8,1.1,6.9,3.4,9,6.7c1.8,2.8,2.6,5.8,2.6,9.2c0,2.1,0,4.1,0,6.2c0,2-1.4,3.4-3.4,3.4\n\t\tc-0.6,0-1.1,0-1.7,0c-0.1,0.7-0.2,1.4-0.4,2c-0.5,2-1.4,3.7-2.8,5.2c-0.2,0.2-0.3,0.4-0.1,0.7c0.5,0.9,0.9,1.9,1.5,2.9\n\t\tc0.1,0.2,0.4,0.5,0.6,0.5c1.5,0.5,3.1,1,4.6,1.6c4,1.4,6.7,4.1,8.6,7.8c1.1,2.1,1.6,4.4,1.6,6.7c0,0.9-0.4,1.3-1.3,1.3\n\t\tc-15.6,0-31.1,0-46.7,0c-0.9,0-1.3-0.4-1.3-1.3C2.9,47.4,7,40.9,13.5,38.9c1.4-0.4,2.8-0.9,4.3-1.4c0.2-0.1,0.5-0.3,0.6-0.5\n\t\tc0.5-0.9,1-1.9,1.5-2.9c0.2-0.3,0.1-0.5-0.1-0.7c-0.6-0.8-1.2-1.6-1.7-2.4c-0.2-0.4-0.5-0.6-0.9-0.6c-1.5,0.1-2.6-0.5-3.2-1.9\n\t\tc-0.3-0.6-0.2-1.4-0.3-2.1c0-0.3-0.1-0.5-0.4-0.6c-1.2-0.6-1.8-1.6-1.8-2.9c0-2.9-0.2-5.7,0.2-8.6C12.4,8,15.8,3.6,21.8,1.2\n\t\tc1.3-0.5,2.7-0.7,4-1c0.1,0,0.3-0.1,0.4-0.1C27.1,0.1,27.9,0.1,28.8,0.1z M37,18.3c-0.1,0-0.2,0-0.2-0.1c-1.5-0.3-3.1-0.5-4.6-1\n\t\tc-2.6-0.8-4.9-2.2-6.9-4c-0.2-0.2-0.5-0.3-0.8-0.3c-1.3,0.2-2.5,0.6-3.6,1.4c-1.2,0.9-2,2.1-2.9,3.3C18,17.9,18,18.1,18,18.3\n\t\tc0.1,1.4,0.2,2.8,0.3,4.2c0.2,1.8,0.5,3.6,0.8,5.4c0,0.3,0.2,0.4,0.5,0.4c0.8,0,1.5,0,2.3,0c0.3,0,0.4-0.1,0.6-0.4\n\t\tc0.6-1.2,1.6-1.8,2.9-1.8c0.7,0,1.5,0,2.2,0c1.8,0,3.2,1.5,3.1,3.2c0,1.7-1.4,3.1-3.2,3.2c-0.7,0-1.3,0-2,0c-1.4,0-2.5-0.6-3.1-1.9\n\t\tc-0.1-0.1-0.2-0.3-0.3-0.3c-0.6,0-1.3,0-2,0c1,1.6,2.2,2.8,3.8,3.5c5.1,2.3,10.5-0.7,11.8-6c0.5-2,0.7-4.2,1-6.3\n\t\tC37,20.6,37,19.5,37,18.3z M5.1,52.8c6.8,0,13.6,0,20.5,0c-2.9-4.2-5.7-8.3-7.3-13.2c-1.4,0.5-2.6,0.9-3.9,1.3\n\t\tc-4.1,1.3-6.8,4-8.4,7.9C5.5,50.1,5.2,51.4,5.1,52.8z M29.4,52.8c6.9,0,13.6,0,20.4,0c0-0.1,0-0.2,0-0.3c0-0.1,0-0.3,0-0.4\n\t\tc-1-5.5-3.9-9.4-9.4-11.2c-1.2-0.4-2.5-0.8-3.6-1.2c-1.1,2.3-2.1,4.6-3.4,6.7C32.3,48.6,30.9,50.6,29.4,52.8z M18,14.2\n\t\tc0.1-0.1,0.2-0.1,0.2-0.2c1.6-1.8,3.7-2.8,6.1-3.2c0.8-0.1,1.6-0.1,2.3,0.6c1.5,1.5,3.3,2.6,5.2,3.4c1.7,0.7,3.5,1.1,5.4,1.3\n\t\tc0.4-3.7-1.9-7.6-5.4-9c-2-0.8-4-0.7-6.1-0.5c-2.7,0.3-4.8,1.6-6.3,3.9C18.6,11.6,18.1,12.8,18,14.2z M41.3,15.1\n\t\tC41,8.8,35.5,2.2,27.4,2.3c-8.5,0.1-13.5,7.2-13.7,12.8c0.7,0,1.3,0,2,0c0.1-0.5,0.1-0.9,0.1-1.4c0.7-4.1,3-7,6.8-8.6\n\t\tc2.4-1,4.8-0.9,7.3-0.6c4.1,0.4,7.9,3.7,8.9,7.7c0.2,0.9,0.4,1.9,0.5,2.9C40,15.1,40.7,15.1,41.3,15.1z M23.6,45.8\n\t\tc1.3,2,2.6,3.9,3.9,5.9c1.3-2,2.6-3.9,3.9-5.8c-1.4-1.4-2.7-2.7-4-4C26.1,43.2,24.9,44.5,23.6,45.8z M33.4,35.4\n\t\tc-1.5,1.6-3,3.2-4.5,4.7c1.2,1.2,2.4,2.4,3.7,3.7c0.7-1.8,1.5-3.6,2.2-5.4c0-0.1,0-0.3-0.1-0.4C34.3,37.2,33.9,36.3,33.4,35.4z\n\t\t M25.8,40.4c-1.5-1.5-3-3-4.5-4.5c-0.2,0.4-0.4,0.8-0.6,1.2c-0.5,0.8-0.6,1.5-0.1,2.4c0.7,1.4,1.3,2.9,1.9,4.4\n\t\tC23.6,42.6,24.7,41.5,25.8,40.4z M13.6,17.3c0,1.9,0,3.8,0,5.6c0,0.6,0.3,1,0.9,1.1c0.6,0.1,1.2,0,1.7,0c-0.2-2.3-0.4-4.5-0.5-6.7\n\t\tC15,17.3,14.3,17.3,13.6,17.3z M39.3,17.3c-0.2,2.2-0.4,4.5-0.5,6.7c0.4,0,0.9,0,1.3,0c0.9,0,1.3-0.4,1.3-1.3c0-0.8,0-1.6,0-2.5\n\t\tc0-1,0-2,0-2.9C40.7,17.3,40,17.3,39.3,17.3z M26.4,30.4C26.4,30.4,26.4,30.4,26.4,30.4c0.4,0,0.7,0,1.1,0c0.1,0,0.1,0,0.2,0\n\t\tc0.5-0.1,0.9-0.6,0.8-1c0-0.5-0.3-0.9-0.8-1c-0.9-0.1-1.7-0.1-2.6,0c-0.5,0-0.8,0.5-0.8,1c0,0.5,0.3,0.9,0.8,1\n\t\tC25.5,30.4,26,30.4,26.4,30.4z M25.5,36.8c0.6,0.6,1.2,1.2,1.9,1.9c0.5-0.6,1.1-1.2,1.8-1.9C27.9,36.8,26.7,36.8,25.5,36.8z\n\t\t M16.9,28.2c-0.1-0.7-0.2-1.4-0.4-2.1c-0.3,0-0.6,0-0.8,0C15.6,27.6,15.9,28.2,16.9,28.2z\"><\/path>\n\t<path d=\"M43.2,44.5c0.2,0.1,0.5,0.2,0.7,0.4c1.1,0.9,2.1,2,2.7,3.3c0.4,0.7,0.2,1.3-0.3,1.6c-0.6,0.3-1.2,0.1-1.6-0.6\n\t\tc-0.6-1.1-1.3-2-2.3-2.7c-0.4-0.3-0.6-0.7-0.4-1.3C42.2,44.8,42.6,44.6,43.2,44.5z\"><\/path>\n\t<path d=\"M39.3,42.5c0.6,0,1,0.5,1,1.1c0,0.6-0.5,1.1-1.1,1c-0.6,0-1.1-0.5-1-1.1C38.3,42.9,38.7,42.5,39.3,42.5z\"><\/path>\n<\/g>\n<\/svg>",
            "title": "24\/7 Support",
            "title_sub": "Delivered to your door"
          }
        }
      },
      "block_order": [
        "items_box_pcjj9V",
        "items_box_WyJEYB",
        "items_box_whzf7b",
        "items_box_VTNtwr"
      ],
      "settings": {
        "width": "box",
        "gap_v2": 0,
        "limit": 4,
        "color_scheme": "",
        "background_color": "",
        "background_gradient": "",
        "use_parallax": true,
        "padding_top": 0,
        "padding_bottom": 45
      }
    },
    "newsletter_v4": {
      "type": "newsletter-v3",
      "settings": {
        "padding_top":0,
        "padding_bottom":0,
        "svg": "<svg xmlns=\"http:\/\/www.w3.org\/2000\/svg\" style=\"fill:#fff\" id=\"Capa_1\" enable-background=\"new 0 0 512 512\" height=\"512\" viewbox=\"0 0 512 512\" width=\"512\" class=\"mdl-js\"><path d=\"m512 203.06v-.045c0-.427-.024-.85-.059-1.271-.01-.115-.025-.229-.037-.344-.036-.33-.082-.657-.139-.981-.021-.122-.042-.244-.066-.365-.08-.395-.171-.787-.282-1.172-.011-.038-.02-.077-.031-.115-.117-.394-.253-.781-.401-1.163-.056-.146-.118-.289-.179-.434-.109-.258-.226-.513-.35-.764-.072-.146-.141-.293-.217-.437-.187-.351-.386-.695-.6-1.031-.08-.125-.168-.245-.252-.368-.167-.245-.34-.485-.521-.719-.097-.125-.194-.249-.295-.372-.263-.319-.535-.631-.825-.928-.023-.023-.045-.047-.068-.07-.31-.315-.64-.612-.979-.9-.042-.036-.078-.076-.121-.111l-25.578-21.225v-65.229c0-19.299-15.701-35-35-35h-85.776l-69.1-57.345c-20.354-16.888-49.896-16.888-70.248 0l-69.1 57.344h-85.776c-19.299 0-35 15.701-35 35v65.229l-25.579 21.228c-.042.035-.079.075-.121.111-.339.288-.669.585-.979.9-.023.023-.045.047-.068.07-.289.297-.562.609-.825.928-.101.122-.198.247-.295.372-.181.235-.354.475-.521.719-.084.123-.172.243-.252.368-.214.335-.413.679-.6 1.031-.077.144-.146.291-.217.437-.124.251-.24.506-.35.764-.061.144-.123.288-.179.434-.148.382-.285.768-.401 1.163-.011.038-.02.076-.031.115-.111.385-.202.777-.282 1.172-.024.122-.045.243-.066.365-.057.324-.103.651-.139.981-.012.115-.027.229-.037.344-.034.419-.058.842-.058 1.269v.045.008 253.927c0 15.718 6.638 29.906 17.246 39.939.301.301.603.599.925.87 9.757 8.814 22.676 14.19 36.829 14.19h402c14.154 0 27.074-5.377 36.832-14.193.319-.27.619-.565.918-.864 10.61-10.033 17.25-24.223 17.25-39.943v-253.926c0-.002 0-.005 0-.008zm-446-103.045h380c2.757 0 5 2.243 5 5v116.682l-8.488 7.044-170.546 141.533c-9.251 7.677-22.681 7.676-31.932 0l-170.546-141.532-8.488-7.045v-116.682c0-2.757 2.243-5 5-5zm-36 356.98v-222.04l6.452 5.355c.004.003.008.007.012.01l146.469 121.551-151.397 103.752c-.993-2.69-1.536-5.597-1.536-8.628zm176.937-75.204 13.939 11.568c20.352 16.89 49.896 16.889 70.248 0l13.939-11.568 146.22 100.204h-390.567zm122.13-19.919 146.468-121.552c.004-.003.008-.007.012-.01l6.452-5.355v222.04c0 3.031-.543 5.938-1.536 8.628zm-89.033-326.114c9.251-7.677 22.681-7.677 31.932 0l41.281 34.258h-114.494z\"><\/path><path d=\"m131.5 164.995c0 8.284 6.716 15 15 15h142c8.284 0 15-6.716 15-15s-6.716-15-15-15h-142c-8.284 0-15 6.716-15 15z\"><\/path><path d=\"m146.5 239.995h219c6.988 0 12.843-4.786 14.509-11.254.309-1.2.491-2.45.491-3.746 0-8.284-6.716-15-15-15h-219c-8.284 0-15 6.716-15 15 0 1.296.182 2.547.491 3.746 1.666 6.469 7.521 11.254 14.509 11.254z\"><\/path><\/svg>"
      }
    }
  },
  "order": [
    "breadcrumb-v2",
    "about_v9_EYzwkg",
    "about_v10_yfzTMx",
    "about_v11_A7FCra",
    "policy_v2_7NG46F",
    "newsletter_v4"
  ]
}