{
  "sections": {
    "main-page-heading": {
      "type": "main-page-heading",
      "settings": {
        "padding_top": 50,
        "padding_bottom": 0
      }
    },
    "main-wishlist": {
      "type": "main-wishlist",
      "settings": {
        "padding_top": 20
      }
    },
    "featured-collection": {
      "type": "featured-collection",
      "settings": {
        "heading_title": "You May Also Like",
        "heading_size": "h2",
        "collection": "best-seller",
        "products_to_show": 4,
        "columns_desktop": 4,
        "color_scheme": "background-1",
        "show_view_all": true,
        "swipe_on_mobile": false,
        "image_ratio": "3/3",
        "show_vendor": false,
        "show_rating": false,
        "columns_mobile": "2",
        "padding_top": 36,
        "padding_bottom": 36
      }
    }
  },
  "order": [
    "main-page-heading",
    "main-wishlist",
    "featured-collection"
  ]
}
