{
  "sections": {
    "breadcrumb-v2": {
      "type": "breadcrumb-v2",
      "settings": {
        "color_scheme": "inverse",
        "background_image_desktop": "shopify://shop_images/Group_39.jpg",
        "background_image_mobile": "shopify://shop_images/Group_39.jpg",
        "background_color": "#f3f3f3",
        "padding_top": 110,
        "padding_bottom": 110
      }
    },
    "contact_v4_86MaBY": {
      "type": "contact-v4",
      "blocks": {
        "items_box_tVEAMV": {
          "type": "information",
          "settings": {
            "icon": "<svg xmlns=\"http:\/\/www.w3.org\/2000\/svg\" id=\"Capa_4\" x=\"0px\" y=\"0px\" viewbox=\"0 0 512 512\" style=\"enable-background:new 0 0 512 512;\" xmlns:xlink=\"http:\/\/www.w3.org\/1999\/xlink\" xml:space=\"preserve\"> <g> <g> <path d=\"M256,0C156.748,0,76,80.748,76,180c0,33.534,9.289,66.26,26.869,94.652l142.885,230.257    c2.737,4.411,7.559,7.091,12.745,7.091c0.04,0,0.079,0,0.119,0c5.231-0.041,10.063-2.804,12.75-7.292L410.611,272.22    C427.221,244.428,436,212.539,436,180C436,80.748,355.252,0,256,0z M384.866,256.818L258.272,468.186l-129.905-209.34    C113.734,235.214,105.8,207.95,105.8,180c0-82.71,67.49-150.2,150.2-150.2S406.1,97.29,406.1,180    C406.1,207.121,398.689,233.688,384.866,256.818z\"><\/path> <\/g> <\/g> <g> <g> <path d=\"M256,90c-49.626,0-90,40.374-90,90c0,49.309,39.717,90,90,90c50.903,0,90-41.233,90-90C346,130.374,305.626,90,256,90z     M256,240.2c-33.257,0-60.2-27.033-60.2-60.2c0-33.084,27.116-60.2,60.2-60.2s60.1,27.116,60.1,60.2    C316.1,212.683,289.784,240.2,256,240.2z\"><\/path> <\/g> <\/g> <g> <\/g> <g> <\/g> <g> <\/g> <g> <\/g> <g> <\/g> <g> <\/g> <g> <\/g> <g> <\/g> <g> <\/g> <g> <\/g> <g> <\/g> <g> <\/g> <g> <\/g> <g> <\/g> <g> <\/g> <\/svg>",
            "title": "Address",
            "content": "Click the icon in the bottom right of the page to talk to our agents during business hours. At other times we will respond as soon as possible."
          }
        },
        "items_box_b9jcjp": {
          "type": "information",
          "settings": {
            "icon": "<svg xmlns=\"http:\/\/www.w3.org\/2000\/svg\" id=\"Capa_1\" height=\"512\" viewbox=\"0 0 512 512\" width=\"512\"><g><path d=\"m416.303 242.244-72.456-72.457v-124.787c0-24.813-20.187-45-45-45h-196c-24.813 0-45 20.187-45 45v422c0 24.813 20.187 45 45 45h306c7.146 0 13.299-5.04 14.706-12.046l27.953-139.147c8.732-43.466-4.428-87.788-35.203-118.563zm-313.456-212.244h196c8.271 0 15 6.729 15 15v193.479c-18.398-18.146-47.955-18.046-66.228.226-18.311 18.281-18.399 47.958-.122 66.359l57.456 59.733c-12.456 9.296-28.592 25.521-40.18 52.203h-176.926v-372c0-8.271 6.728-15 15-15zm-15 437v-20h167.229c-2.378 10.518-4.06 22.148-4.801 35h-147.428c-8.272 0-15-6.729-15-15zm334.247-112.102-25.533 127.102c-24.121 0-91.451 0-116.216 0 2.163-31.861 11.334-58.562 26.846-77.835 12.86-15.979 25.954-21.708 26.997-22.146 9.815-3.513 13.323-16.253 5.47-24.417-70.924-73.736-70.706-73.512-70.834-73.638-6.588-6.588-6.692-17.355 0-24.037 6.613-6.612 17.362-6.63 23.997-.049 31.711 32.436 16.291 16.871 71.785 72.364 5.857 5.858 15.355 5.859 21.213 0 5.858-5.858 5.858-15.355 0-21.213l-41.972-41.971v-56.844l51.243 51.243c23.658 23.658 33.754 57.842 27.004 91.441z\"><\/path><\/g><\/svg>",
            "title": "Phone",
            "content": "(+84) 1800 68 68"
          }
        },
        "items_box_k3Xk73": {
          "type": "information",
          "settings": {
            "icon": "<svg xmlns=\"http:\/\/www.w3.org\/2000\/svg\" id=\"Capa_1\" x=\"0px\" y=\"0px\" viewbox=\"0 0 512 512\" style=\"enable-background:new 0 0 512 512;\" xmlns:xlink=\"http:\/\/www.w3.org\/1999\/xlink\" xml:space=\"preserve\"> <g> <g> <path d=\"M256,0C114.845,0,0,114.839,0,256s114.845,256,256,256c141.161,0,256-114.839,256-256S397.155,0,256,0z M256,474.628    C135.45,474.628,37.372,376.55,37.372,256S135.45,37.372,256,37.372s218.628,98.077,218.628,218.622    C474.628,376.55,376.55,474.628,256,474.628z\"><\/path> <\/g> <\/g> <g> <g> <path d=\"M343.202,256h-80.973V143.883c0-10.321-8.365-18.686-18.686-18.686s-18.686,8.365-18.686,18.686v130.803    c0,10.321,8.365,18.686,18.686,18.686h99.659c10.321,0,18.686-8.365,18.686-18.686S353.523,256,343.202,256z\"><\/path> <\/g> <\/g> <g> <\/g> <g> <\/g> <g> <\/g> <g> <\/g> <g> <\/g> <g> <\/g> <g> <\/g> <g> <\/g> <g> <\/g> <g> <\/g> <g> <\/g> <g> <\/g> <g> <\/g> <g> <\/g> <g> <\/g> <\/svg>",
            "title": "Open Hours",
            "content": "Monday to Friday 09:30 - 17:30 <br>Saturday & Sunday 10:00 - 15:00"
          }
        },
        "items_box_3NfQPb": {
          "type": "information",
          "settings": {
            "icon": "<svg xmlns=\"http:\/\/www.w3.org\/2000\/svg\" id=\"Capa_1\" x=\"0px\" y=\"0px\" viewbox=\"0 0 477.867 477.867\" style=\"enable-background:new 0 0 477.867 477.867;\" xmlns:xlink=\"http:\/\/www.w3.org\/1999\/xlink\" xml:space=\"preserve\"> <g> <g> <path d=\"M460.8,68.267H17.067C7.641,68.267,0,75.908,0,85.333v307.2c0,9.426,7.641,17.067,17.067,17.067H460.8    c9.426,0,17.067-7.641,17.067-17.067v-307.2C477.867,75.908,470.226,68.267,460.8,68.267z M432.811,102.4L238.933,251.529    L45.056,102.4H432.811z M443.733,375.467h-409.6V137.062L228.54,286.6c6.13,4.707,14.657,4.707,20.787,0l194.406-149.538V375.467z    \"><\/path> <\/g> <\/g> <g> <\/g> <g> <\/g> <g> <\/g> <g> <\/g> <g> <\/g> <g> <\/g> <g> <\/g> <g> <\/g> <g> <\/g> <g> <\/g> <g> <\/g> <g> <\/g> <g> <\/g> <g> <\/g> <g> <\/g> <\/svg>",
            "title": "Email",
            "content": "hello@domain.com"
          }
        }
      },
      "block_order": [
        "items_box_tVEAMV",
        "items_box_b9jcjp",
        "items_box_k3Xk73",
        "items_box_3NfQPb"
      ],
      "settings": {
        "width": "box",
        "title": "Contact Us",
        "description": "If you would like to know more about our policies, you can consult our Terms and Conditions. You will also be able to follow your order (tracking number will be provided in an e-mail after ordering). You wish to return some items? <a href=\"#\">Click here.<\/a>",
        "map_iframe": "<iframe src=\"https:\/\/www.google.com\/maps\/embed?pb=!1m18!1m12!1m3!1d26845.22484591743!2d-111.6917055954578!3d32.74840075965826!2m3!1f0!2f0!3f0!3m2!1i1024!2i768!4f13.1!3m3!1m2!1s0x872a6554458b43f7%3A0x89ecc26050823816!2sArizona%20City%2C%20Arizona%2085123%2C%20Hoa%20K%E1%BB%B3!5e0!3m2!1svi!2s!4v1711515620452!5m2!1svi!2s\" width=\"600\" height=\"450\" style=\"border:0;\" allowfullscreen=\"\" loading=\"lazy\" referrerpolicy=\"no-referrer-when-downgrade\"><\/iframe>",
        "map_image": "shopify:\/\/shop_images\/map.jpg",
        "color_scheme": "",
        "background_color": "",
        "background_gradient": "",
        "use_parallax": true
      }
    },
    "contact_v5_LWBqLC": {
      "type": "contact-v5",
      "settings": {
        "width": "box",
        "title": "Send Us An Message",
        "button_text": "Send",
        "color_scheme": "",
        "background_color": "",
        "background_gradient": "",
        "use_parallax": true,
        "padding_top": 0,
        "padding_bottom": 50
      }
    },
    "newsletter_v4": {
      "type": "newsletter-v3",
      "settings": {
        "padding_top":0,
        "padding_bottom":0,
        "svg": "<svg style=\"fill:#fff\" id=\"Capa_1\" enable-background=\"new 0 0 512 512\" height=\"512\" viewbox=\"0 0 512 512\" width=\"512\" xmlns=\"http://www.w3.org/2000/svg\"><path d=\"m512 203.06v-.045c0-.427-.024-.85-.059-1.271-.01-.115-.025-.229-.037-.344-.036-.33-.082-.657-.139-.981-.021-.122-.042-.244-.066-.365-.08-.395-.171-.787-.282-1.172-.011-.038-.02-.077-.031-.115-.117-.394-.253-.781-.401-1.163-.056-.146-.118-.289-.179-.434-.109-.258-.226-.513-.35-.764-.072-.146-.141-.293-.217-.437-.187-.351-.386-.695-.6-1.031-.08-.125-.168-.245-.252-.368-.167-.245-.34-.485-.521-.719-.097-.125-.194-.249-.295-.372-.263-.319-.535-.631-.825-.928-.023-.023-.045-.047-.068-.07-.31-.315-.64-.612-.979-.9-.042-.036-.078-.076-.121-.111l-25.578-21.225v-65.229c0-19.299-15.701-35-35-35h-85.776l-69.1-57.345c-20.354-16.888-49.896-16.888-70.248 0l-69.1 57.344h-85.776c-19.299 0-35 15.701-35 35v65.229l-25.579 21.228c-.042.035-.079.075-.121.111-.339.288-.669.585-.979.9-.023.023-.045.047-.068.07-.289.297-.562.609-.825.928-.101.122-.198.247-.295.372-.181.235-.354.475-.521.719-.084.123-.172.243-.252.368-.214.335-.413.679-.6 1.031-.077.144-.146.291-.217.437-.124.251-.24.506-.35.764-.061.144-.123.288-.179.434-.148.382-.285.768-.401 1.163-.011.038-.02.076-.031.115-.111.385-.202.777-.282 1.172-.024.122-.045.243-.066.365-.057.324-.103.651-.139.981-.012.115-.027.229-.037.344-.034.419-.058.842-.058 1.269v.045.008 253.927c0 15.718 6.638 29.906 17.246 39.939.301.301.603.599.925.87 9.757 8.814 22.676 14.19 36.829 14.19h402c14.154 0 27.074-5.377 36.832-14.193.319-.27.619-.565.918-.864 10.61-10.033 17.25-24.223 17.25-39.943v-253.926c0-.002 0-.005 0-.008zm-446-103.045h380c2.757 0 5 2.243 5 5v116.682l-8.488 7.044-170.546 141.533c-9.251 7.677-22.681 7.676-31.932 0l-170.546-141.532-8.488-7.045v-116.682c0-2.757 2.243-5 5-5zm-36 356.98v-222.04l6.452 5.355c.004.003.008.007.012.01l146.469 121.551-151.397 103.752c-.993-2.69-1.536-5.597-1.536-8.628zm176.937-75.204 13.939 11.568c20.352 16.89 49.896 16.889 70.248 0l13.939-11.568 146.22 100.204h-390.567zm122.13-19.919 146.468-121.552c.004-.003.008-.007.012-.01l6.452-5.355v222.04c0 3.031-.543 5.938-1.536 8.628zm-89.033-326.114c9.251-7.677 22.681-7.677 31.932 0l41.281 34.258h-114.494z\"></path><path d=\"m131.5 164.995c0 8.284 6.716 15 15 15h142c8.284 0 15-6.716 15-15s-6.716-15-15-15h-142c-8.284 0-15 6.716-15 15z\"></path><path d=\"m146.5 239.995h219c6.988 0 12.843-4.786 14.509-11.254.309-1.2.491-2.45.491-3.746 0-8.284-6.716-15-15-15h-219c-8.284 0-15 6.716-15 15 0 1.296.182 2.547.491 3.746 1.666 6.469 7.521 11.254 14.509 11.254z\"></path></svg>"
      }
    }
  },
  "order": [
    "breadcrumb-v2",
    "contact_v4_86MaBY",
    "contact_v5_LWBqLC",
    "newsletter_v4"
  ]
}