{
  "current": "Default",
  "presets": {
    "Default": {
      "logo_width": 90,
      "color_schemes": {
        "background-1": {
          "settings": {
            "accent": "#cea08a",
            "background": "#FFFFFF",
            "background_gradient": "",
            "text": "#000000",
            "button": "#ffffff",
            "button_label": "#000000",
            "secondary_button": "#000000",
            "secondary_button_label": "#FFFFFF",
            "tertiary_button": "#4b47ff",
            "tertiary_button_label": "#FFFFFF",
            "gray_button": "#eeeeee",
            "gray_button_label": "#121212",
            "dark_button": "#000000",
            "dark_button_label": "#ffffff",
            "light_button": "#FFFFFF",
            "light_button_label": "#000000",
            "shadow": "#121212",
            "border": "#000000"
          }
        },
        "background-2": {
          "settings": {
            "accent": "#2bbea1",
            "background": "#F3F3F3",
            "background_gradient": "",
            "text": "#121212",
            "button": "#2bbea1",
            "button_label": "#F3F3F3",
            "secondary_button": "#ff6464",
            "secondary_button_label": "#FFFFFF",
            "tertiary_button": "#4b47ff",
            "tertiary_button_label": "#FFFFFF",
            "gray_button": "#eeeeee",
            "gray_button_label": "#121212",
            "dark_button": "#121212",
            "dark_button_label": "#ffffff",
            "light_button": "#FFFFFF",
            "light_button_label": "#121212",
            "shadow": "#121212",
            "border": "#121212"
          }
        },
        "inverse": {
          "settings": {
            "accent": "#cea08a",
            "background": "#000000",
            "background_gradient": "",
            "text": "#ffffff",
            "button": "#ffffff",
            "button_label": "#000000",
            "secondary_button": "#000000",
            "secondary_button_label": "#FFFFFF",
            "tertiary_button": "#4b47ff",
            "tertiary_button_label": "#FFFFFF",
            "gray_button": "#eeeeee",
            "gray_button_label": "#121212",
            "dark_button": "#000000",
            "dark_button_label": "#ffffff",
            "light_button": "#FFFFFF",
            "light_button_label": "#000000",
            "shadow": "#121212",
            "border": "#ffffff"
          }
        },
        "accent-1": {
          "settings": {
            "accent": "#2bbea1",
            "background": "#24104e",
            "background_gradient": "",
            "text": "#FFFFFF",
            "button": "#FFFFFF",
            "button_label": "#121212",
            "secondary_button": "#ff6464",
            "secondary_button_label": "#FFFFFF",
            "tertiary_button": "#4b47ff",
            "tertiary_button_label": "#FFFFFF",
            "gray_button": "#eeeeee",
            "gray_button_label": "#121212",
            "dark_button": "#121212",
            "dark_button_label": "#ffffff",
            "light_button": "#FFFFFF",
            "light_button_label": "#121212",
            "shadow": "#121212",
            "border": "#121212"
          }
        },
        "accent-2": {
          "settings": {
            "accent": "#2bbea1",
            "background": "#334FB4",
            "background_gradient": "",
            "text": "#FFFFFF",
            "button": "#FFFFFF",
            "button_label": "#334FB4",
            "secondary_button": "#ff6464",
            "secondary_button_label": "#FFFFFF",
            "tertiary_button": "#4b47ff",
            "tertiary_button_label": "#FFFFFF",
            "gray_button": "#eeeeee",
            "gray_button_label": "#121212",
            "dark_button": "#121212",
            "dark_button_label": "#ffffff",
            "light_button": "#FFFFFF",
            "light_button_label": "#121212",
            "shadow": "#121212",
            "border": "#121212"
          }
        }
      },
      "type_header_font": "futura_n5",
      "heading_scale": 100,
      "type_body_font": "futura_n4",
      "body_scale": 100,
      "page_width": 1400,
      "spacing_sections": 0,
      "spacing_grid_horizontal": 30,
      "spacing_grid_vertical": 30,
      "dark_mode_mapping": "Scheme 1: Scheme 5\nScheme 2: Scheme 4",
      "animate_duration": 500,
      "animate_effect": "fade-up",
      "animate_strength": 1,
      "buttons_border_thickness": 2,
      "buttons_border_opacity": 100,
      "buttons_radius": 8,
      "buttons_shadow_opacity": 5,
      "buttons_shadow_horizontal_offset": 0,
      "buttons_shadow_vertical_offset": 3,
      "buttons_shadow_blur": 6,
      "buttons_background_opacity": 100,
      "buttons_effect": "slide-up",
      "buttons_loading": "loader-3",
      "buttons_scale": 100,
      "variant_style": "boxed",
      "variant_color_style": "color",
      "variant_color_show_label": true,
      "inputs_border_thickness": 1,
      "inputs_border_opacity": 55,
      "inputs_border_background_opacity": 0,
      "inputs_radius": 8,
      "inputs_shadow_opacity": 0,
      "inputs_shadow_horizontal_offset": 0,
      "inputs_shadow_vertical_offset": 4,
      "inputs_shadow_blur": 5,
      "product_card_aspect_ratio": "3\/4",
      "product_card_style": "standard",
      "product_card_image_padding": 0,
      "product_card_content_padding": 0,
      "product_card_text_alignment": "center",
      "product_card_border_thickness": 0,
      "product_card_border_opacity": 10,
      "product_card_corner_radius": 0,
      "product_card_shadow_opacity": 0,
      "product_card_shadow_horizontal_offset": 0,
      "product_card_shadow_vertical_offset": 4,
      "product_card_shadow_blur": 12,
      "collection_card_style": "standard",
      "collection_card_image_padding": 0,
      "collection_card_content_padding": 0,
      "collection_card_text_alignment": "center",
      "collection_card_border_thickness": 0,
      "collection_card_border_opacity": 10,
      "collection_card_corner_radius": 8,
      "collection_card_shadow_opacity": 0,
      "collection_card_shadow_horizontal_offset": 0,
      "collection_card_shadow_vertical_offset": 4,
      "collection_card_shadow_blur": 12,
      "article_card_style": "standard",
      "article_card_image_padding": 0,
      "article_card_content_padding": 0,
      "article_card_text_alignment": "left",
      "article_card_border_thickness": 0,
      "article_card_border_opacity": 10,
      "article_card_corner_radius": 0,
      "article_card_shadow_opacity": 0,
      "article_card_shadow_horizontal_offset": 0,
      "article_card_shadow_vertical_offset": 6,
      "article_card_shadow_blur": 16,
      "text_boxes_border_thickness": 0,
      "text_boxes_border_opacity": 10,
      "text_boxes_radius": 8,
      "text_boxes_shadow_opacity": 0,
      "text_boxes_shadow_horizontal_offset": 0,
      "text_boxes_shadow_vertical_offset": 4,
      "text_boxes_shadow_blur": 5,
      "media_border_thickness": 0,
      "media_border_opacity": 5,
      "media_radius": 0,
      "media_shadow_opacity": 0,
      "media_shadow_horizontal_offset": 0,
      "media_shadow_vertical_offset": 4,
      "media_shadow_blur": 5,
      "image_lazyload": true,
      "image_lazyload_loading": "loader-3",
      "modal_border_thickness": 0,
      "modal_border_opacity": 0,
      "modal_corner_radius": 8,
      "modal_shadow_opacity": 0,
      "modal_shadow_horizontal_offset": 0,
      "modal_shadow_vertical_offset": 0,
      "modal_shadow_blur": 0,
      "modal_padding": 20,
      "modal_margin": 20,
      "modal_animate": "zoom",
      "modal_easing": "decay",
      "modal_duration": 300,
      "modal_backdrop_opacity": 50,
      "modal_backdrop_blur": 0,
      "drawer_border_thickness": 0,
      "drawer_border_opacity": 0,
      "drawer_corner_radius": 0,
      "drawer_shadow_opacity": 0,
      "drawer_shadow_horizontal_offset": 0,
      "drawer_shadow_vertical_offset": 0,
      "drawer_shadow_blur": 0,
      "drawer_padding": 20,
      "drawer_margin": 0,
      "drawer_easing": "decay",
      "drawer_duration": 400,
      "drawer_backdrop_opacity": 40,
      "drawer_backdrop_blur": 0,
      "social_twitter_link": "#",
      "social_facebook_link": "#",
      "social_pinterest_link": "#",
      "social_instagram_link": "#",
      "social_tiktok_link": "#",
      "social_tumblr_link": "",
      "social_snapchat_link": "",
      "social_youtube_link": "",
      "social_vimeo_link": "",
      "predictive_search_enabled": true,
      "predictive_search_show_vendor": false,
      "predictive_search_show_price": false,
      "scrolltop_position": "right",
      "scrolltop_color": "#ffffff",
      "scrolltop_background_color": "#000000",
      "toolbar_background_color": "#ffffff",
      "favicon": "shopify:\/\/shop_images\/favicon.png",
      "currency_code_enabled": false,
      "cart_type": "drawer",
      "show_vendor": false,
      "show_cart_note": false,
      "cart_drawer_collection": "best-seller",
      "cart_drawer_placement": "right",
      "show_cart_free_shipping": true,
      "cart_free_shipping_min_amount": 600,
      "sections": {
        "main-password-header": {
          "type": "main-password-header",
          "settings": {
            "color_scheme": "background-1"
          }
        },
        "main-password-footer": {
          "type": "main-password-footer",
          "settings": {
            "color_scheme": "background-1"
          }
        }
      }
    },
    "Preset-2": {
      "logo_width": 90,
      "color_schemes": {
        "background-1": {
          "settings": {
            "accent": "#2bbea1",
            "background": "#FFFFFF",
            "background_gradient": "",
            "text": "#121212",
            "button": "#2bbea1",
            "button_label": "#FFFFFF",
            "secondary_button": "#ff6464",
            "secondary_button_label": "#FFFFFF",
            "tertiary_button": "#4b47ff",
            "tertiary_button_label": "#FFFFFF",
            "gray_button": "#eeeeee",
            "gray_button_label": "#121212",
            "dark_button": "#121212",
            "dark_button_label": "#ffffff",
            "light_button": "#FFFFFF",
            "light_button_label": "#121212",
            "shadow": "#121212",
            "border": "#121212"
          }
        },
        "background-2": {
          "settings": {
            "accent": "#2bbea1",
            "background": "#F3F3F3",
            "background_gradient": "",
            "text": "#121212",
            "button": "#2bbea1",
            "button_label": "#F3F3F3",
            "secondary_button": "#ff6464",
            "secondary_button_label": "#FFFFFF",
            "tertiary_button": "#4b47ff",
            "tertiary_button_label": "#FFFFFF",
            "gray_button": "#eeeeee",
            "gray_button_label": "#121212",
            "dark_button": "#121212",
            "dark_button_label": "#ffffff",
            "light_button": "#FFFFFF",
            "light_button_label": "#121212",
            "shadow": "#121212",
            "border": "#121212"
          }
        },
        "inverse": {
          "settings": {
            "accent": "#2bbea1",
            "background": "#121212",
            "background_gradient": "",
            "text": "#ffffff",
            "button": "#2bbea1",
            "button_label": "#FFFFFF",
            "secondary_button": "#ff6464",
            "secondary_button_label": "#FFFFFF",
            "tertiary_button": "#4b47ff",
            "tertiary_button_label": "#FFFFFF",
            "gray_button": "#121212",
            "gray_button_label": "#eeeeee",
            "dark_button": "#ffffff",
            "dark_button_label": "#121212",
            "light_button": "#FFFFFF",
            "light_button_label": "#121212",
            "shadow": "#121212",
            "border": "#121212"
          }
        },
        "accent-1": {
          "settings": {
            "accent": "#2bbea1",
            "background": "#121212",
            "background_gradient": "",
            "text": "#FFFFFF",
            "button": "#FFFFFF",
            "button_label": "#121212",
            "secondary_button": "#ff6464",
            "secondary_button_label": "#FFFFFF",
            "tertiary_button": "#4b47ff",
            "tertiary_button_label": "#FFFFFF",
            "gray_button": "#eeeeee",
            "gray_button_label": "#121212",
            "dark_button": "#121212",
            "dark_button_label": "#ffffff",
            "light_button": "#FFFFFF",
            "light_button_label": "#121212",
            "shadow": "#121212",
            "border": "#121212"
          }
        },
        "accent-2": {
          "settings": {
            "accent": "#2bbea1",
            "background": "#334FB4",
            "background_gradient": "",
            "text": "#FFFFFF",
            "button": "#FFFFFF",
            "button_label": "#334FB4",
            "secondary_button": "#ff6464",
            "secondary_button_label": "#FFFFFF",
            "tertiary_button": "#4b47ff",
            "tertiary_button_label": "#FFFFFF",
            "gray_button": "#eeeeee",
            "gray_button_label": "#121212",
            "dark_button": "#121212",
            "dark_button_label": "#ffffff",
            "light_button": "#FFFFFF",
            "light_button_label": "#121212",
            "shadow": "#121212",
            "border": "#121212"
          }
        }
      },
      "type_header_font": "new_century_schoolbook_n4",
      "heading_scale": 100,
      "type_body_font": "inter_n4",
      "body_scale": 100,
      "page_width": 1400,
      "spacing_sections": 0,
      "spacing_grid_horizontal": 30,
      "spacing_grid_vertical": 30,
      "dark_mode_mapping": "Scheme 1: Scheme 5\nScheme 2: Scheme 4",
      "animate_duration": 500,
      "animate_effect": "fade-up",
      "animate_strength": 1,
      "buttons_border_thickness": 0,
      "buttons_border_opacity": 10,
      "buttons_radius": 0,
      "buttons_shadow_opacity": 0,
      "buttons_shadow_horizontal_offset": 0,
      "buttons_shadow_vertical_offset": 3,
      "buttons_shadow_blur": 6,
      "buttons_background_opacity": 100,
      "buttons_effect": "slide-up",
      "buttons_loading": "loader-3",
      "buttons_scale": 100,
      "variant_style": "boxed",
      "variant_color_style": "color",
      "variant_color_show_label": true,
      "variant_color_swatches": "Blue: #6c6cf0\nOrange: #f9c056",
      "inputs_border_thickness": 1,
      "inputs_border_opacity": 55,
      "inputs_border_background_opacity": 0,
      "inputs_radius": 0,
      "inputs_shadow_opacity": 0,
      "inputs_shadow_horizontal_offset": 0,
      "inputs_shadow_vertical_offset": 4,
      "inputs_shadow_blur": 5,
      "product_card_style": "standard",
      "product_card_image_padding": 0,
      "product_card_content_padding": 0,
      "product_card_text_alignment": "left",
      "product_card_border_thickness": 0,
      "product_card_border_opacity": 10,
      "product_card_corner_radius": 0,
      "product_card_shadow_opacity": 0,
      "product_card_shadow_horizontal_offset": 0,
      "product_card_shadow_vertical_offset": 4,
      "product_card_shadow_blur": 12,
      "collection_card_style": "standard",
      "collection_card_image_padding": 0,
      "collection_card_content_padding": 0,
      "collection_card_text_alignment": "left",
      "collection_card_border_thickness": 0,
      "collection_card_border_opacity": 10,
      "collection_card_corner_radius": 0,
      "collection_card_shadow_opacity": 0,
      "collection_card_shadow_horizontal_offset": 0,
      "collection_card_shadow_vertical_offset": 4,
      "collection_card_shadow_blur": 12,
      "article_card_style": "standard",
      "article_card_image_padding": 0,
      "article_card_content_padding": 0,
      "article_card_text_alignment": "left",
      "article_card_border_thickness": 0,
      "article_card_border_opacity": 10,
      "article_card_corner_radius": 0,
      "article_card_shadow_opacity": 0,
      "article_card_shadow_horizontal_offset": 0,
      "article_card_shadow_vertical_offset": 6,
      "article_card_shadow_blur": 16,
      "text_boxes_border_thickness": 0,
      "text_boxes_border_opacity": 10,
      "text_boxes_radius": 0,
      "text_boxes_shadow_opacity": 0,
      "text_boxes_shadow_horizontal_offset": 0,
      "text_boxes_shadow_vertical_offset": 4,
      "text_boxes_shadow_blur": 5,
      "media_border_thickness": 0,
      "media_border_opacity": 5,
      "media_radius": 0,
      "media_shadow_opacity": 0,
      "media_shadow_horizontal_offset": 0,
      "media_shadow_vertical_offset": 4,
      "media_shadow_blur": 5,
      "image_lazyload": true,
      "image_lazyload_loading": "loader-3",
      "modal_border_thickness": 0,
      "modal_border_opacity": 0,
      "modal_corner_radius": 0,
      "modal_shadow_opacity": 0,
      "modal_shadow_horizontal_offset": 0,
      "modal_shadow_vertical_offset": 0,
      "modal_shadow_blur": 0,
      "modal_padding": 20,
      "modal_margin": 20,
      "modal_animate": "zoom",
      "modal_easing": "decay",
      "modal_duration": 300,
      "modal_backdrop_opacity": 50,
      "modal_backdrop_blur": 0,
      "drawer_border_thickness": 0,
      "drawer_border_opacity": 0,
      "drawer_corner_radius": 0,
      "drawer_shadow_opacity": 0,
      "drawer_shadow_horizontal_offset": 0,
      "drawer_shadow_vertical_offset": 0,
      "drawer_shadow_blur": 0,
      "drawer_padding": 20,
      "drawer_margin": 0,
      "drawer_easing": "decay",
      "drawer_duration": 400,
      "drawer_backdrop_opacity": 40,
      "drawer_backdrop_blur": 0,
      "social_twitter_link": "#",
      "social_facebook_link": "#",
      "social_pinterest_link": "#",
      "social_instagram_link": "#",
      "social_tiktok_link": "#",
      "social_tumblr_link": "",
      "social_snapchat_link": "",
      "social_youtube_link": "",
      "social_vimeo_link": "",
      "predictive_search_enabled": true,
      "predictive_search_show_vendor": false,
      "predictive_search_show_price": false,
      "currency_code_enabled": true,
      "cart_type": "drawer",
      "show_vendor": false,
      "show_cart_note": false,
      "cart_drawer_collection": "",
      "cart_drawer_placement": "right",
      "show_cart_free_shipping": true,
      "cart_free_shipping_min_amount": 600,
      "sections": {
        "main-password-header": {
          "type": "main-password-header",
          "settings": {
            "color_scheme": "background-1"
          }
        },
        "main-password-footer": {
          "type": "main-password-footer",
          "settings": {
            "color_scheme": "background-1"
          }
        }
      }
    }
  }
}